Vth_T ,6bit_Vth,VinDac,#1,#2,#3,#4,#5,#6,#7,#8,#9,#10,#11,#12,#13,#14,#15,#16,#17,#18,#19,#20,#21,#22,#23,#24,#25,#26,#27,#28,#29,#30,#31,#32,#33,#34,#35,#36,#37,#38,#39,#40,#41,#42,#43,#44,#45,#46,#47,#48,#49,#50,#51,#52,#53,#54,#55,#56,#57,#58,#59,#60,#61,#62,#63,#64,#65,#66,#67,#68,#69,#70,#71,#72,#73,#74,#75,#76,#77,#78,#79,#80,#81,#82,#83,#84,#85,#86,#87,#88,#89,#90,#91,#92,#93,#94,#95,#96,#97,#98,#99,#100
302,0,0,2,1,0,1,0,5,1,1,0,2,3,0,0,0,0,0,1,2,1,0,0,0,0,0,0,0,2,0,0,0,0,2,1,0,2,0,0,2,1,1,0,0,0,2,1,2,0,1,0,2,0,1,0,2,1,1,1,2,0,0,0,0,2,1,0,0,0,0,0,5,1,2,1,0,3,1,0,0,0,4,2,4,1,0,0,0,1,1,3,1,0,1,0,3,0,1,1,1,0,0
303,0,0,1,0,2,0,3,2,1,1,0,3,2,3,0,1,1,2,2,2,1,0,2,2,4,0,0,1,5,1,2,3,0,0,1,4,0,2,1,1,0,0,1,1,2,0,4,1,1,3,4,1,3,1,1,2,2,2,3,0,1,1,2,3,1,8,1,1,0,4,1,3,0,4,2,3,1,1,2,1,1,0,1,0,1,2,1,3,0,0,0,2,0,0,4,2,0,1,1,1,6,1
304,0,0,5,4,1,5,4,2,0,2,3,0,1,0,1,0,6,1,7,0,3,0,0,6,0,9,3,0,2,0,7,3,2,0,1,3,2,4,0,2,0,4,2,0,1,1,3,5,2,5,2,1,3,2,2,3,2,4,0,2,2,2,0,3,3,3,2,4,1,2,1,3,2,2,4,1,1,0,1,3,2,5,2,3,5,3,4,2,2,3,4,3,1,3,2,1,5,1,1,1,2,6
305,0,0,6,4,2,1,3,4,3,2,3,6,9,5,7,2,4,4,0,4,8,9,1,3,2,3,1,2,3,4,7,4,7,3,3,11,1,2,3,7,2,4,0,2,5,8,0,4,1,4,2,3,4,3,4,4,4,5,1,5,4,6,4,2,1,3,9,1,4,5,8,4,2,1,5,4,1,2,2,6,4,5,3,3,2,0,1,8,5,6,2,8,2,4,4,6,9,6,6,1,3,3
306,0,0,6,11,5,8,3,1,11,7,3,4,6,9,5,2,3,7,7,3,5,7,5,12,8,3,5,4,7,8,5,6,3,6,5,7,6,9,4,6,5,6,15,9,6,4,8,5,8,6,6,11,8,5,9,3,6,4,3,7,7,5,10,10,9,4,11,8,7,4,4,2,8,7,4,10,9,6,3,5,3,9,4,9,6,4,8,6,3,5,8,11,4,2,5,13,13,4,3,3,7,11
307,0,0,14,7,9,9,7,10,3,9,13,15,9,5,3,8,21,9,9,8,11,7,11,8,16,9,11,9,4,7,10,6,5,7,15,5,10,9,13,8,5,6,11,10,11,4,6,4,9,5,10,11,8,7,5,12,12,7,19,10,11,5,5,12,8,16,10,7,16,7,8,5,4,8,1,4,12,7,15,9,7,16,7,10,13,11,4,11,13,15,8,6,7,12,12,6,7,8,13,14,9,3
308,0,0,21,7,10,10,11,11,11,11,19,13,13,16,12,12,11,11,25,16,16,16,9,9,8,18,14,15,10,10,18,11,12,14,14,21,21,6,10,17,11,9,8,7,18,10,16,10,16,8,10,14,10,14,9,22,19,14,17,9,14,19,11,11,12,16,13,18,5,10,10,27,12,15,9,16,16,11,11,17,12,13,16,17,13,15,16,19,15,17,18,16,3,11,14,6,15,21,14,14,9,11
309,0,0,17,26,10,16,15,23,12,11,21,18,21,23,16,22,24,31,14,16,15,12,17,21,27,15,16,14,21,11,15,11,13,20,25,29,21,14,18,10,16,20,19,21,16,18,21,16,22,20,23,14,22,17,14,21,13,25,23,20,8,20,26,14,32,20,21,15,21,39,21,19,12,20,12,16,10,18,10,22,19,24,28,20,19,15,14,19,18,15,24,11,15,12,11,21,17,29,18,24,13,16
310,0,0,27,23,19,27,36,21,22,28,27,24,34,28,28,40,20,26,34,27,19,26,25,18,22,22,18,21,27,24,28,14,27,15,32,27,22,23,25,19,29,19,16,17,22,26,19,31,16,24,24,21,18,25,15,21,23,17,25,23,18,24,18,20,21,25,28,21,28,38,19,29,35,29,27,18,21,18,22,24,31,30,25,15,28,34,19,21,30,29,27,23,36,30,30,33,25,29,28,20,22,31
311,0,0,31,17,32,29,39,27,49,34,30,35,21,33,32,25,36,26,30,37,22,35,33,24,34,32,24,34,41,27,37,51,39,36,32,52,24,29,30,33,24,28,42,27,37,48,40,40,34,35,20,30,30,47,53,39,33,25,38,29,43,39,40,37,25,35,33,29,37,36,45,18,31,52,40,28,35,20,33,29,37,46,37,27,29,34,53,35,46,51,26,38,33,39,27,28,23,31,48,46,35,47
312,0,0,53,38,54,44,59,34,40,37,49,27,33,28,22,40,54,46,54,45,30,28,49,48,42,41,37,43,46,39,48,39,44,31,55,49,29,35,27,34,57,44,40,46,51,44,48,29,46,44,57,37,50,55,34,36,47,30,34,35,39,36,55,41,47,23,29,54,41,59,47,54,52,41,51,34,52,51,51,45,42,48,37,38,44,40,39,54,40,41,43,43,38,53,31,42,38,53,47,43,45,42
313,0,0,55,61,68,54,59,38,59,56,55,39,45,42,52,51,63,71,53,50,47,57,45,52,59,54,51,53,54,54,46,62,32,53,56,57,49,51,38,55,58,61,42,54,61,42,52,37,48,56,60,54,56,69,41,45,67,51,47,47,41,51,56,62,66,46,48,46,53,62,61,48,42,61,47,57,55,62,52,50,59,59,51,46,35,59,50,56,67,61,59,44,46,72,58,52,54,71,55,37,49,56
314,0,0,64,80,71,85,71,81,70,60,45,74,82,62,78,62,70,85,84,74,81,50,80,66,82,60,80,90,86,79,83,69,68,68,64,83,75,89,81,55,72,84,74,65,83,84,74,57,92,65,65,92,84,69,73,89,73,78,69,91,75,66,58,84,73,64,62,67,67,86,78,60,57,80,79,86,56,71,58,57,69,79,78,75,68,66,74,68,57,80,62,65,73,80,79,79,78,61,70,66,77,85
315,0,0,91,82,90,92,96,84,79,78,81,95,90,108,89,85,69,72,99,103,75,94,93,93,92,94,91,72,83,88,89,84,73,85,93,81,84,77,77,74,62,88,114,86,91,78,62,107,71,69,63,90,83,85,96,79,87,95,99,78,63,49,105,76,87,84,79,82,89,76,60,98,69,105,66,75,93,78,87,61,65,84,74,74,89,89,77,96,88,94,94,97,91,96,71,87,92,96,96,86,88,100
316,0,0,104,93,78,97,98,85,93,92,95,104,98,88,74,105,89,105,116,103,99,96,100,127,106,83,108,96,100,85,103,95,107,94,84,97,93,86,93,95,93,117,88,98,99,87,101,114,80,91,98,96,101,90,96,99,83,102,108,85,97,94,106,110,101,91,81,94,85,92,119,143,86,110,76,78,91,99,106,90,82,103,77,113,96,97,89,110,106,89,92,112,112,82,108,94,104,73,113,107,117,89
317,0,0,103,138,112,96,114,143,100,124,125,111,125,120,134,101,111,122,109,123,114,118,97,109,110,115,92,127,118,141,86,111,86,123,98,120,112,83,120,105,116,122,115,110,107,123,136,123,125,112,102,108,128,102,107,117,105,98,122,124,103,123,115,104,102,119,102,91,125,118,129,98,99,104,96,114,125,118,101,129,100,111,101,96,133,131,126,126,135,94,124,104,113,129,110,105,98,117,116,129,90,132
318,0,0,134,133,105,135,113,133,152,122,147,132,147,140,154,113,120,109,115,133,124,112,124,114,109,134,121,128,127,142,136,119,136,112,141,146,128,134,129,119,119,118,113,136,145,143,125,132,174,123,117,132,132,120,130,140,136,150,120,115,146,128,122,138,126,138,146,111,147,128,143,113,141,136,114,133,134,135,116,141,123,122,124,137,147,122,152,101,133,98,136,130,131,149,117,143,122,114,119,137,147,137
319,0,0,146,155,155,153,152,177,141,137,158,121,131,159,165,146,133,138,137,156,155,151,162,147,143,165,133,106,132,128,141,156,155,154,138,128,122,164,147,162,145,141,126,147,158,158,142,147,171,146,161,149,132,136,128,158,137,136,137,145,142,150,136,125,128,127,120,124,135,133,142,139,124,124,155,131,159,151,140,157,154,181,150,130,133,141,124,138,165,163,127,144,139,170,147,137,138,153,139,151,170,140
320,0,0,150,195,179,154,186,178,164,165,171,191,170,168,180,184,159,202,188,171,173,201,184,167,154,158,175,208,188,153,214,183,186,183,194,143,153,177,173,170,188,212,185,150,187,167,184,188,158,178,149,182,177,204,181,165,161,181,201,168,191,177,184,162,169,194,197,162,184,185,169,217,175,152,165,176,165,188,197,166,184,172,198,173,184,174,180,152,165,168,177,178,157,206,171,174,187,188,175,195,182,155
321,0,0,195,230,221,192,211,185,180,198,182,212,217,185,207,202,200,188,206,187,194,206,183,194,221,190,186,211,188,238,176,196,184,210,197,191,214,202,188,223,210,219,210,181,215,196,189,213,210,203,238,215,225,242,218,190,206,220,203,208,200,183,186,225,206,214,231,193,220,187,212,175,208,182,236,213,210,188,185,213,207,202,196,184,194,233,197,215,193,192,179,203,200,199,201,214,196,217,200,190,223,196
322,0,0,229,213,205,227,239,219,219,199,212,236,222,199,196,231,198,228,203,226,210,236,224,210,183,221,224,236,218,226,215,239,209,228,218,218,269,222,251,247,207,217,223,228,243,231,224,215,209,216,223,209,250,208,215,213,197,219,224,201,215,231,243,250,217,194,238,237,212,263,220,235,250,227,210,238,260,220,197,243,214,198,221,191,225,221,220,204,190,210,208,213,245,225,198,245,258,244,233,219,238,210
323,0,0,251,251,258,224,316,254,231,252,244,249,241,252,250,242,260,263,245,253,252,302,266,231,249,257,253,254,225,220,270,270,238,243,226,232,256,244,255,243,221,261,285,280,291,266,266,269,267,247,237,230,262,245,253,264,268,255,255,273,247,282,259,294,231,251,238,241,277,229,265,250,255,275,259,233,255,236,238,253,252,253,268,246,244,273,229,258,293,252,251,229,251,226,208,239,252,252,262,270,236,231
324,0,0,265,247,259,275,282,238,255,244,254,268,233,261,268,279,245,287,292,291,245,283,279,274,275,292,299,292,253,282,275,281,303,273,269,271,262,301,297,319,280,262,293,306,289,283,294,283,284,264,298,273,289,275,257,288,301,273,244,314,250,283,280,302,268,284,285,275,269,303,272,296,272,266,277,272,317,304,290,268,279,269,299,301,258,295,252,296,267,332,245,266,266,230,267,296,278,294,257,302,262,255
325,0,0,298,343,323,337,331,305,299,306,284,328,317,308,318,322,304,320,305,329,320,297,276,299,338,315,338,281,330,305,303,305,301,298,288,344,299,336,309,324,307,296,318,308,277,303,298,286,279,308,312,320,344,291,320,296,303,297,308,297,289,305,306,321,321,297,297,308,318,316,308,327,311,300,311,321,314,299,333,291,304,327,284,245,301,323,319,300,305,330,331,306,342,306,284,323,292,326,315,340,334,301
326,0,0,353,404,365,325,382,353,341,342,321,365,334,363,350,355,356,320,356,367,356,342,336,354,343,365,381,341,378,316,365,348,315,370,336,355,327,310,364,346,344,331,358,372,363,363,345,323,367,349,336,379,390,340,354,406,394,386,358,344,371,346,368,343,335,390,376,366,367,372,349,365,302,354,356,352,370,342,362,362,344,316,332,343,362,318,346,328,361,334,311,373,352,341,373,353,372,334,307,352,313,312
327,0,0,396,390,410,392,378,399,399,405,354,393,379,374,381,373,417,402,377,437,398,393,387,421,388,441,394,376,425,401,417,405,382,387,411,379,402,410,378,384,411,393,409,351,350,376,414,382,408,425,366,410,397,393,373,384,368,403,380,390,390,391,411,391,392,387,408,422,398,372,416,439,408,417,397,390,429,375,390,424,358,421,396,365,395,375,400,401,385,408,390,430,397,405,388,410,377,390,417,448,408,380
328,0,0,422,458,464,448,421,413,420,457,413,435,430,448,464,502,439,446,423,495,419,463,444,437,450,432,448,437,452,465,471,459,438,436,445,469,467,452,423,448,471,458,456,448,430,432,419,426,450,405,445,413,436,439,475,456,428,417,427,445,471,424,484,492,447,439,417,428,446,476,432,497,456,433,448,435,444,431,463,429,458,450,438,439,423,463,408,436,432,442,480,436,441,437,426,426,408,410,441,454,436,417
329,0,0,447,498,506,532,509,500,520,527,518,503,531,517,474,488,467,447,453,478,541,505,495,520,505,476,505,488,504,486,516,515,510,522,477,546,544,505,511,489,517,491,529,480,535,482,499,443,520,507,514,486,465,481,443,491,565,455,469,478,524,485,508,494,514,516,489,533,506,480,541,507,504,520,494,524,474,513,508,493,495,539,506,509,487,493,538,501,466,528,517,459,502,494,488,561,523,477,509,496,527,502
330,0,0,590,574,584,542,532,559,616,530,583,571,584,582,585,548,537,588,583,555,586,567,547,590,536,552,581,595,570,555,599,559,597,567,553,577,566,562,579,590,601,596,557,575,570,544,589,567,608,589,611,600,567,554,585,643,545,553,550,591,565,576,577,590,542,566,507,573,597,638,580,549,567,581,588,573,573,565,607,586,555,548,569,636,542,575,584,583,569,583,603,601,563,577,558,581,545,568,604,562,563,507
331,0,0,648,606,602,657,659,626,671,619,621,678,642,655,666,650,654,647,654,656,641,691,694,726,654,612,636,644,671,635,694,646,647,665,672,657,653,649,646,636,589,674,644,585,656,624,667,686,622,628,637,653,668,645,652,688,647,635,630,628,649,636,637,631,604,632,653,690,630,660,644,691,655,671,630,683,646,641,645,696,621,670,665,685,613,602,682,672,635,657,677,681,683,620,677,635,648,620,712,629,668,650
332,0,0,730,753,713,696,680,661,688,745,747,713,758,725,687,710,706,720,736,709,685,667,722,706,740,706,761,655,711,714,667,670,718,705,729,734,712,724,684,728,692,768,742,755,716,646,672,684,724,706,699,695,757,701,712,720,715,743,655,704,717,680,706,756,726,642,742,739,732,739,736,728,722,726,771,733,709,728,695,771,708,695,696,722,655,690,738,758,669,707,704,721,687,738,694,716,722,703,701,690,695,687
333,0,0,771,779,771,801,828,737,844,813,791,781,787,762,758,808,801,782,783,757,831,784,799,790,762,846,818,779,774,816,771,848,778,817,817,856,803,826,728,767,841,753,775,849,815,785,761,793,847,811,813,761,823,851,768,801,842,807,804,825,751,789,792,785,807,777,847,724,798,816,792,784,854,847,773,778,860,783,819,773,757,777,809,746,799,756,742,805,756,731,745,826,758,810,836,800,785,789,770,865,817,820
334,0,0,902,853,866,859,846,884,889,850,905,868,884,826,852,857,868,876,871,818,854,825,848,940,881,876,893,882,862,884,911,905,936,854,829,863,878,920,868,917,857,850,838,883,880,927,887,857,898,894,866,933,870,891,899,874,883,864,931,878,871,965,879,857,883,892,879,852,905,854,883,843,885,863,843,838,924,839,883,878,858,855,872,864,866,923,870,896,924,865,887,849,851,862,928,860,907,901,901,909,799,813
335,0,0,905,967,934,985,921,925,987,1000,1005,942,949,907,978,903,916,966,982,914,971,939,945,971,954,947,948,972,942,957,988,891,956,950,965,972,930,992,947,939,935,946,970,922,924,945,944,959,956,931,937,965,985,927,914,922,922,987,989,945,947,945,964,960,985,966,951,956,945,984,1005,940,979,994,983,1001,924,917,896,973,903,994,983,964,974,927,964,991,969,963,971,958,920,988,1015,1006,968,941,935,946,989,969
336,0,0,1051,1001,984,1024,1063,1099,1035,995,1052,1007,1021,1063,1012,1065,1030,1048,1024,1073,1055,1031,1039,1040,994,1096,1018,1039,1045,1055,1026,987,1010,963,1035,1086,999,1040,1071,1037,1009,1038,1013,1039,1053,1056,1035,1074,1026,1071,1017,1046,1042,1041,1061,1000,1076,1001,997,997,1032,1063,1034,1074,1024,1013,976,1021,1045,1015,1015,1073,1077,1062,1007,1048,1063,1040,1030,1025,997,1098,1016,988,1113,1056,1051,1039,999,1097,1022,1018,1044,1011,1015,990,1003,972,1084,1052,1040,1041
337,0,0,1064,1142,1089,1117,1108,1171,1173,1084,1124,1129,1150,1143,1074,1148,1124,1120,1096,1128,1133,1206,1133,1115,1098,1146,1137,1135,1127,1078,1129,1128,1116,1076,1091,1139,1113,1127,1130,1066,1108,1098,1160,1124,1106,1088,1120,1138,1183,1050,1086,1095,1156,1157,1136,1165,1129,1143,1087,1086,1107,1113,1157,1107,1150,1140,1094,1096,1100,1059,1098,1126,1101,1111,1200,1144,1085,1138,1116,1141,1160,1145,1055,1089,1125,1136,1088,1129,1136,1144,1160,1057,1134,1153,1134,1130,1129,1107,1142,1149,1170,1195
338,0,0,1232,1191,1171,1234,1203,1194,1244,1209,1229,1176,1168,1163,1252,1188,1260,1203,1170,1220,1249,1263,1211,1258,1229,1203,1241,1180,1227,1209,1232,1221,1255,1234,1189,1225,1231,1233,1239,1317,1234,1259,1221,1249,1235,1264,1239,1210,1227,1240,1168,1164,1221,1254,1254,1264,1252,1242,1277,1245,1230,1184,1196,1230,1263,1217,1226,1164,1226,1231,1234,1230,1218,1261,1188,1278,1268,1208,1244,1217,1188,1179,1210,1239,1254,1227,1241,1246,1254,1212,1205,1232,1209,1226,1256,1228,1205,1156,1248,1210,1279,1235
339,0,0,1353,1339,1299,1323,1287,1291,1290,1321,1348,1298,1281,1319,1287,1338,1311,1306,1378,1287,1280,1300,1314,1337,1350,1328,1324,1323,1337,1400,1360,1345,1349,1307,1349,1302,1311,1313,1376,1352,1359,1289,1270,1373,1345,1291,1298,1277,1351,1372,1306,1336,1360,1301,1297,1292,1353,1315,1293,1336,1359,1280,1310,1298,1392,1334,1330,1347,1268,1339,1321,1355,1303,1281,1291,1257,1300,1360,1342,1234,1295,1302,1332,1326,1317,1323,1317,1352,1310,1296,1300,1298,1338,1318,1314,1306,1281,1312,1285,1398,1274,1344
340,0,0,1421,1458,1426,1398,1431,1460,1388,1334,1410,1380,1414,1407,1359,1372,1405,1410,1390,1383,1398,1356,1432,1421,1478,1435,1419,1413,1448,1442,1462,1373,1378,1455,1407,1454,1504,1458,1413,1420,1410,1332,1359,1418,1354,1397,1405,1364,1411,1454,1357,1417,1422,1418,1435,1479,1416,1448,1376,1392,1410,1458,1382,1466,1462,1470,1405,1377,1389,1394,1428,1433,1429,1363,1422,1434,1372,1407,1411,1441,1499,1375,1437,1441,1406,1368,1400,1406,1466,1421,1412,1425,1406,1451,1415,1412,1453,1465,1410,1444,1420,1443
341,0,0,1518,1502,1508,1556,1493,1521,1489,1536,1552,1506,1506,1588,1551,1482,1580,1558,1514,1476,1491,1547,1552,1529,1552,1512,1491,1555,1489,1528,1543,1510,1518,1501,1521,1542,1545,1572,1558,1550,1585,1557,1561,1508,1516,1480,1553,1532,1597,1489,1579,1582,1512,1518,1526,1492,1548,1513,1443,1568,1529,1525,1551,1514,1494,1586,1556,1504,1552,1485,1533,1574,1551,1570,1574,1496,1600,1525,1515,1489,1555,1523,1537,1532,1548,1518,1517,1521,1537,1544,1528,1596,1519,1542,1493,1428,1523,1519,1518,1568,1564,1494
342,0,0,1683,1624,1654,1677,1688,1664,1680,1634,1654,1670,1659,1660,1648,1748,1712,1679,1615,1599,1653,1635,1682,1627,1633,1594,1621,1671,1644,1621,1651,1627,1613,1698,1600,1644,1630,1640,1593,1726,1648,1690,1648,1684,1679,1635,1700,1656,1654,1670,1704,1623,1654,1723,1577,1683,1666,1638,1628,1601,1666,1721,1617,1630,1670,1679,1678,1651,1715,1613,1682,1708,1680,1644,1626,1678,1714,1682,1629,1670,1673,1695,1608,1683,1700,1643,1675,1694,1687,1672,1670,1697,1709,1651,1688,1646,1682,1692,1631,1707,1730,1633
343,0,0,1779,1756,1751,1761,1748,1754,1732,1763,1789,1735,1731,1751,1754,1724,1730,1758,1777,1721,1755,1740,1710,1724,1747,1718,1754,1747,1797,1734,1713,1736,1803,1780,1751,1690,1770,1737,1776,1776,1731,1779,1698,1767,1708,1766,1781,1730,1729,1743,1763,1809,1864,1714,1775,1799,1743,1743,1725,1761,1755,1750,1763,1795,1755,1784,1744,1721,1744,1750,1740,1717,1753,1743,1728,1736,1742,1759,1818,1737,1724,1785,1713,1726,1757,1678,1729,1777,1755,1745,1698,1735,1753,1812,1764,1779,1771,1747,1747,1824,1703,1729
344,0,0,1895,1853,1899,1871,1914,1884,1877,1865,1914,1920,1892,1870,1877,1925,1872,1887,1808,1927,1843,1898,1939,1891,1843,1857,1965,1932,1857,1923,1905,1827,1888,1941,1839,1953,1884,1878,1841,1861,1879,1940,1853,1955,1853,1913,1892,1855,1932,1949,1853,1836,1842,1924,1867,1876,1854,1935,1947,1863,1839,1897,1952,1955,1897,1841,1910,1929,1897,1904,1842,1872,1890,1991,1917,1906,1889,1888,1886,1954,1913,1851,1895,1910,1864,1895,1913,1916,1854,1917,1914,1898,1930,1868,1838,1895,1839,1907,1854,1808,1803,1864
345,0,0,1989,1997,1970,2006,1989,2009,2008,1977,2045,1989,2047,2008,1999,1993,2038,2038,2105,2022,2067,2020,2007,1992,2000,2050,2008,2030,1998,1924,1989,2044,2037,2083,2033,2001,2024,2073,2033,1983,2028,2017,1996,2028,2040,2029,1967,2041,2010,2056,2028,1970,1998,1982,2016,2011,2046,2008,2049,2046,2046,2031,2045,2034,2055,2065,2027,2093,2009,2058,2053,2010,2095,2059,2037,2046,2056,2017,1996,2077,2010,1998,2064,2037,2008,2060,2024,2009,1995,2069,1999,1984,2064,2005,2007,1976,2042,1989,2013,2012,2079,2050
346,0,0,2197,2103,2196,2203,2121,2163,2195,2152,2179,2092,2206,2164,2143,2190,2139,2178,2202,2153,2251,2103,2174,2155,2139,2077,2147,2221,2150,2186,2233,2233,2141,2177,2165,2135,2168,2255,2164,2157,2165,2107,2152,2208,2198,2169,2152,2132,2141,2139,2201,2287,2217,2140,2211,2163,2111,2210,2116,2229,2191,2167,2174,2174,2185,2161,2186,2151,2180,2226,2200,2153,2163,2184,2164,2131,2139,2159,2108,2164,2140,2104,2201,2210,2185,2094,2179,2175,2229,2112,2150,2167,2147,2220,2162,2091,2123,2137,2135,2191,2186,2179
347,0,0,2346,2236,2306,2307,2301,2295,2239,2294,2247,2333,2285,2337,2285,2371,2249,2303,2284,2303,2271,2276,2262,2331,2334,2246,2355,2357,2309,2380,2258,2326,2342,2319,2319,2277,2258,2272,2320,2289,2325,2342,2354,2242,2334,2284,2342,2287,2290,2304,2305,2360,2339,2338,2284,2283,2335,2300,2363,2363,2265,2356,2347,2318,2325,2293,2282,2321,2278,2335,2326,2285,2336,2378,2301,2325,2281,2280,2308,2322,2364,2351,2345,2278,2305,2341,2366,2262,2319,2265,2288,2347,2303,2335,2343,2296,2300,2283,2359,2375,2341,2305
348,0,0,2446,2436,2414,2342,2402,2383,2500,2425,2415,2413,2397,2368,2424,2382,2382,2379,2501,2366,2394,2404,2364,2398,2418,2446,2569,2443,2461,2385,2435,2451,2449,2435,2486,2414,2438,2434,2446,2452,2454,2450,2418,2362,2453,2390,2381,2388,2355,2484,2454,2355,2435,2423,2497,2441,2391,2440,2425,2386,2452,2452,2508,2418,2387,2453,2388,2448,2438,2463,2392,2432,2442,2487,2429,2432,2437,2389,2529,2513,2458,2386,2461,2429,2445,2402,2433,2484,2427,2387,2443,2431,2470,2407,2411,2424,2397,2469,2498,2412,2330,2409
349,0,0,2593,2551,2513,2529,2540,2591,2548,2579,2483,2601,2534,2541,2527,2591,2604,2604,2580,2557,2553,2581,2579,2577,2523,2565,2553,2460,2550,2550,2588,2614,2598,2563,2537,2548,2530,2575,2502,2519,2520,2540,2583,2563,2599,2523,2569,2545,2600,2569,2655,2530,2548,2571,2533,2536,2539,2498,2581,2592,2582,2511,2555,2523,2609,2555,2537,2539,2586,2513,2548,2655,2560,2558,2580,2601,2536,2552,2515,2625,2492,2587,2510,2561,2451,2586,2597,2543,2580,2595,2594,2546,2639,2608,2624,2518,2596,2611,2609,2624,2551,2541
350,0,0,2668,2707,2737,2646,2649,2666,2765,2705,2715,2685,2745,2650,2722,2649,2701,2694,2696,2678,2680,2733,2668,2678,2745,2649,2755,2747,2694,2748,2776,2708,2737,2688,2680,2693,2696,2756,2728,2658,2708,2671,2674,2684,2766,2678,2753,2670,2658,2714,2692,2717,2709,2785,2684,2769,2726,2682,2757,2747,2679,2651,2688,2711,2709,2710,2658,2727,2751,2713,2643,2707,2703,2705,2746,2758,2802,2696,2712,2671,2746,2698,2709,2683,2770,2744,2749,2713,2681,2663,2729,2675,2727,2779,2710,2671,2619,2688,2782,2722,2795,2707
351,0,0,2857,2889,2907,2855,2868,2816,2904,2788,2809,2909,2838,2842,2906,2824,2825,2823,2869,2911,2832,2834,2821,2857,2818,2840,2809,2842,2870,2827,2893,2923,2826,2871,2850,2802,2868,2840,2868,2906,2823,2811,2895,2822,2888,2850,2809,2887,2858,2856,2839,2896,2763,2855,2859,2850,2910,2799,2833,2897,2801,2829,2778,2857,2878,2884,2863,2782,2791,2831,2812,2905,2924,2821,2871,2808,2860,2787,2867,2837,2779,2841,2871,2824,2850,2849,2812,2946,2845,2817,2832,2854,2930,2794,2889,2797,2875,2806,2792,2854,2793,2894
352,0,0,3065,3093,3040,3035,3092,3092,3051,3119,3020,3079,3002,3081,3152,3113,3030,3076,3074,3032,3150,3130,2999,3078,3078,3106,3103,3072,3071,3044,3124,3172,3100,3110,3059,3033,3101,3149,2986,3069,3120,3106,3062,3088,3144,3047,3130,3064,3110,3168,3123,3049,3092,3066,3085,3087,3058,3111,3121,3132,3174,3144,3122,3090,3115,3044,3116,3076,3092,3112,3125,3103,3059,3091,3061,3085,3037,3068,3149,3058,3036,3104,3145,3069,3058,3088,3018,3155,3104,3068,3113,3085,3142,3077,3052,3112,3131,3096,3038,3122,2987,3063
353,0,0,3184,3264,3275,3299,3216,3221,3253,3245,3228,3197,3256,3204,3211,3271,3246,3273,3292,3201,3188,3212,3214,3210,3215,3168,3245,3277,3229,3233,3272,3297,3207,3275,3170,3202,3272,3173,3262,3187,3265,3193,3238,3128,3206,3160,3265,3187,3325,3246,3215,3242,3246,3241,3240,3229,3247,3282,3295,3163,3146,3244,3233,3238,3300,3267,3287,3229,3209,3290,3237,3319,3236,3184,3189,3280,3248,3207,3284,3219,3283,3209,3232,3243,3190,3251,3261,3208,3167,3285,3291,3246,3224,3339,3247,3207,3275,3244,3275,3236,3216,3254
354,0,0,3506,3467,3508,3422,3516,3456,3436,3486,3507,3460,3481,3423,3553,3495,3530,3446,3597,3443,3487,3473,3558,3541,3435,3486,3443,3450,3515,3544,3516,3518,3461,3473,3439,3504,3454,3509,3571,3445,3507,3544,3471,3504,3321,3515,3429,3452,3513,3498,3524,3492,3491,3647,3454,3578,3520,3460,3456,3466,3485,3512,3475,3524,3501,3439,3518,3504,3554,3499,3492,3489,3489,3489,3529,3465,3531,3421,3541,3492,3505,3532,3539,3488,3539,3527,3538,3471,3487,3511,3444,3493,3537,3482,3556,3458,3475,3503,3488,3481,3465,3498
355,0,0,3600,3573,3601,3607,3584,3525,3593,3596,3606,3520,3623,3603,3648,3617,3579,3636,3580,3581,3647,3616,3607,3591,3603,3636,3585,3579,3643,3595,3543,3625,3564,3615,3597,3569,3626,3573,3613,3615,3651,3596,3587,3651,3615,3593,3559,3631,3612,3489,3678,3567,3598,3565,3581,3627,3587,3586,3577,3655,3604,3612,3614,3612,3611,3588,3613,3583,3615,3598,3556,3595,3654,3539,3690,3631,3556,3581,3643,3581,3582,3561,3605,3645,3589,3660,3596,3614,3555,3608,3628,3624,3614,3685,3629,3579,3587,3602,3591,3586,3627,3604
356,0,0,3813,3826,3799,3739,3824,3785,3771,3850,3757,3754,3754,3717,3813,3746,3764,3834,3730,3778,3787,3764,3787,3781,3784,3797,3811,3798,3739,3730,3710,3893,3770,3772,3787,3753,3794,3730,3724,3726,3743,3745,3745,3810,3813,3776,3779,3745,3740,3838,3659,3768,3802,3700,3694,3658,3773,3739,3731,3722,3837,3744,3814,3834,3717,3844,3826,3797,3773,3773,3802,3776,3762,3800,3786,3728,3732,3739,3730,3760,3732,3786,3772,3794,3743,3693,3807,3814,3897,3775,3763,3724,3770,3821,3755,3807,3740,3801,3896,3798,3743,3779
357,0,0,4002,3817,4050,3963,4020,3895,3993,3998,3983,4008,3978,3998,4045,4012,4068,4037,4023,4043,4001,3965,4039,4012,4062,4084,3968,4053,4017,4127,3913,4104,4081,4012,3992,3919,3962,4055,3979,4006,3958,4038,3937,3922,4012,4034,4000,3934,3977,3997,4098,4051,3994,4029,3952,4106,4041,3987,4007,3995,4061,4003,3953,4050,3937,4084,4017,4019,3966,3960,4067,4084,4000,4051,4011,4026,4021,4094,4055,4113,4068,3974,3999,4014,4000,4036,3993,4004,4112,4020,3998,3958,4009,3980,4008,3978,3998,4057,4026,4050,4062,3976
358,0,0,4220,4285,4341,4351,4276,4246,4287,4268,4318,4230,4181,4272,4244,4318,4267,4364,4247,4306,4291,4294,4216,4316,4331,4373,4300,4265,4265,4304,4288,4296,4378,4361,4333,4219,4327,4316,4318,4275,4292,4242,4299,4187,4302,4233,4294,4165,4332,4355,4301,4267,4377,4316,4270,4305,4309,4353,4331,4268,4251,4274,4364,4270,4260,4303,4257,4317,4297,4279,4227,4324,4359,4354,4272,4329,4306,4279,4398,4338,4228,4296,4371,4310,4289,4352,4201,4326,4317,4289,4340,4298,4307,4276,4307,4401,4187,4308,4385,4293,4336,4312
359,0,0,4554,4623,4523,4663,4653,4589,4695,4578,4594,4629,4581,4622,4679,4611,4692,4694,4638,4664,4629,4704,4656,4713,4650,4568,4709,4535,4660,4774,4597,4687,4593,4658,4676,4655,4508,4752,4613,4653,4616,4663,4642,4646,4553,4743,4615,4748,4750,4707,4674,4663,4701,4624,4631,4778,4742,4583,4626,4718,4603,4666,4580,4665,4587,4742,4673,4718,4731,4695,4672,4779,4591,4551,4639,4612,4604,4688,4620,4579,4655,4783,4663,4600,4681,4623,4674,4658,4657,4701,4701,4687,4750,4641,4471,4674,4630,4666,4700,4662,4687,4697
360,0,0,4836,4958,4954,5026,4845,4931,4883,4927,4816,4971,4843,4936,4896,5015,4929,4891,4875,5021,5049,4929,4924,4977,4972,4928,4895,5018,4921,5004,4996,4988,5022,4938,4925,4963,4897,4977,4921,4982,5009,4984,4969,4912,4982,4948,4901,4833,4986,5007,4993,4964,4967,4944,4989,4959,4922,5016,4994,4922,4929,4923,4913,4842,4901,4964,4966,4983,5061,4847,5016,4887,4886,4927,4897,4910,4927,4840,4931,4924,4958,4889,4998,4931,4965,4906,4953,4881,4926,4961,4890,4934,4910,4966,4968,4983,5040,4944,5037,5009,4865,5018
361,0,0,5405,5258,5319,5390,5368,5473,5461,5421,5333,5378,5363,5446,5345,5322,5347,5364,5371,5340,5483,5335,5295,5367,5338,5395,5339,5341,5356,5334,5378,5393,5362,5400,5366,5377,5390,5453,5378,5380,5323,5394,5448,5374,5263,5374,5280,5312,5503,5326,5226,5395,5327,5362,5379,5265,5350,5441,5369,5393,5408,5439,5448,5440,5402,5197,5330,5356,5386,5383,5444,5341,5434,5490,5399,5391,5478,5433,5461,5422,5485,5245,5376,5361,5522,5363,5467,5451,5432,5387,5484,5443,5305,5365,5313,5226,5388,5395,5544,5404,5451,5393
362,0,0,6094,6023,6128,6059,6022,6040,6120,6082,6011,6019,6025,6027,6126,5993,5912,6066,5915,6013,5998,6078,5998,6004,6118,6116,6082,6116,6116,5991,6110,6091,5984,6064,5954,6037,6005,6121,6183,6118,6276,6154,5873,6004,6039,5965,6220,5983,6027,6076,6018,5983,6018,5955,6028,6015,6110,5873,6000,5966,6022,6127,6001,6097,6054,6071,6185,5983,6037,6300,6026,6243,6208,6149,6083,6008,6190,6149,6104,6065,6086,6110,6191,6091,6111,6072,6050,6082,6110,6087,6072,6074,6123,6222,6104,6189,6224,6265,5984,6025,6054,6271
363,0,0,6614,6557,6657,6469,6596,6628,6696,6442,6540,6676,6650,6681,6687,6658,6559,6685,6652,6814,6530,6825,6587,6728,6692,6654,6654,6607,6770,6731,6658,6686,6556,6524,6671,6643,6585,6494,6518,6529,6589,6645,6521,6590,6775,6568,6531,6671,6621,6628,6626,6798,6665,6522,6531,6636,6768,6611,6637,6639,6433,6615,6605,6668,6825,6698,6592,6657,6628,6612,6666,6534,6698,6635,6626,6583,6700,6734,6569,6486,6730,6562,6706,6643,6672,6530,6521,6794,6828,6623,6539,6566,6685,6621,6844,6597,6603,6645,6691,6547,6666,6631
364,0,0,7409,7251,7133,7396,7569,7183,7395,7237,7148,7286,7349,7333,7158,7394,7278,7178,7288,7353,7326,7245,7158,7169,7480,7255,7335,7376,7303,7192,7343,7276,7295,7383,7228,7333,7218,7222,7225,7256,7392,7392,7301,7186,7141,7251,7401,7312,7335,7299,7389,7394,7290,7070,7260,7301,7390,7269,7326,7225,7257,7173,7295,7122,7279,7329,7166,7305,7179,7331,7347,7434,7326,7226,7353,7289,7236,7373,7231,7404,7291,7347,7341,7239,7415,7387,7392,7478,7317,7108,7123,7169,7154,7199,7526,7213,7291,7349,7374,7285,7458,7261
365,0,0,8556,8319,8183,8259,8493,7951,8224,8325,8342,8142,8247,8399,8434,8326,8255,8361,8028,8005,8085,8286,8194,8162,8207,8224,8057,8299,8222,8113,8188,8230,8323,8253,8241,8281,8138,8165,8236,8177,8201,8240,8226,8228,8163,8200,8407,8284,8313,8361,8296,8424,8383,8263,8293,8204,8223,8409,8258,8122,8381,8406,8362,8241,8341,8378,8189,8246,8296,8206,8142,8280,8241,8225,8259,8138,8302,8410,8451,8318,8374,8336,8427,8035,8526,8415,7849,8029,8315,8324,8372,8074,8416,8239,8446,8346,8136,8121,8544,8321,8435,8180
366,0,0,9809,9783,9817,9520,9452,9859,9920,9413,9736,9839,10018,9936,10093,9784,9959,9831,9782,9795,9730,9714,9785,9646,9607,9673,9686,9769,10068,9896,9965,9769,10010,9881,9933,9939,9768,10006,10086,9833,10035,9798,9788,9713,9829,9781,9911,9716,9828,9933,10092,10023,9977,9980,9788,9792,10149,10029,9857,9866,9847,9938,9886,9902,9843,9540,9545,9614,9743,9894,9717,10013,9965,9807,9686,9765,9880,9440,10395,9922,10022,10080,9787,9524,9792,9790,9811,10014,10068,10103,9792,10007,9911,9900,10143,10081,9810,9774,9769,9892,9855,9971
367,0,0,11791,11985,11760,11949,11767,12237,11632,11481,11854,11417,11827,11535,11648,11543,11733,11666,11493,11704,11585,11565,11419,11476,11576,11892,11866,11383,11984,11686,11347,11592,11636,11778,11674,11544,11515,11726,11858,11645,11805,11716,11228,11477,11213,11938,11747,11567,11442,11829,11501,11400,11525,11607,11663,11570,11449,11846,11849,11781,11762,11900,11764,12106,11300,11382,11973,11787,11859,11689,11742,11783,11356,11468,11618,11380,11721,11508,11840,11292,12004,11787,11400,11815,12163,12024,11706,11862,11815,11404,11798,11515,11689,11955,11771,11755,12026,11458,11778,11534,11733,11272
368,0,0,13954,13594,13364,13352,13143,13419,13202,13273,13357,13366,13485,13349,12922,13132,13663,13647,13469,13566,13308,13038,12941,13012,13259,13411,13564,13220,12876,13310,13308,13198,13281,13032,13355,12989,13409,13404,13532,13149,13037,13601,13538,13033,13597,13818,13297,13199,13393,13355,13247,13375,13854,13599,13657,13611,13417,13741,13529,13442,13938,13682,13894,13203,13721,13534,13389,13303,13665,13382,13653,13355,13247,13605,13184,13192,13174,13697,13533,13468,13595,13499,13557,13806,13615,13451,13332,13606,13486,13510,13561,13349,13602,13856,13714,13235,13681,12954,13774,13542,13649,13805
369,0,0,16616,16360,16119,16342,16677,16935,15994,16587,16313,16353,16167,16026,16907,16444,16972,16362,16728,16387,16228,16306,16637,16354,16435,16600,16511,16766,16574,16650,16988,16497,17169,16469,16847,16831,16613,16540,17166,16237,16485,16560,16647,17079,16572,16995,16227,16621,16650,16173,15535,16985,16754,16118,16429,16597,16235,16878,17022,16622,16427,17211,16160,16805,16603,16563,16917,16585,16744,16388,16354,16210,16306,16466,16392,16556,16835,16582,15999,16784,16691,16213,16710,16098,16417,16945,16316,16848,16229,16708,16527,16549,16952,16091,16130,16297,16357,16682,15865,16325,16151,16516
370,0,0,22061,20762,20491,20181,20111,20241,20726,20589,20893,20801,20275,20348,20579,20979,20558,21339,20574,20546,21192,21420,20777,20951,20731,20339,21526,20767,20877,20920,20514,21459,20602,20932,20546,20680,20507,20714,21171,21382,20365,21074,20166,20815,20951,21049,20532,19766,20435,20877,21064,21236,20248,20583,20597,20315,20633,20497,21081,20643,21061,20859,21017,20112,20475,21612,20418,21345,20168,20451,21019,20849,20689,20687,20482,20602,20777,21448,20901,20780,20283,21278,20833,20933,20914,20863,20853,20357,21196,21320,21075,20792,20683,20741,20406,21025,20844,20930,21094,21021,21552,20399
371,0,0,27481,26305,26502,26525,26141,26686,25577,26716,25871,26873,26344,25981,25890,25470,27117,26170,26431,25949,26954,25713,26249,26337,27075,26012,26442,27091,26719,27184,27766,27517,26138,26749,26702,27250,26330,26603,26684,27290,27497,27020,26893,27011,26523,27440,26758,26734,26412,26985,27453,26543,26860,26606,27933,27697,27013,26607,27209,26845,26624,26779,27935,26680,26248,27797,26688,27025,26844,26802,26360,26733,26159,26428,27383,27420,27638,26967,26767,27095,26333,27048,27282,27018,26868,26910,27008,26230,25742,26704,27374,27722,26425,26579,26707,27361,27306,27072,27054,26070,26726,26796
372,0,0,32341,32553,30552,32453,33305,31520,32152,32628,31200,32721,33374,31665,32534,31786,31271,31205,30728,32418,31751,32780,32187,33424,32411,31764,31688,32666,33375,32485,32407,32004,31726,31596,30888,31876,31610,31656,31969,32370,31354,31241,31009,32841,32758,32921,32100,32212,32512,32110,31066,31861,32739,31314,32162,31361,31706,32244,32070,32749,31923,32140,32328,32756,32965,31712,32295,31910,31300,31266,31962,32156,32677,32504,31460,32360,31784,32397,32253,32654,32261,32573,32176,32836,32635,32261,32770,32274,31110,30529,31787,31607,31315,31609,32061,32303,31490,31887,31979,31998,31775,32299
373,0,0,42170,41139,39957,39914,40055,40458,40069,40937,41024,42145,39534,41107,39587,40637,40549,39550,41566,39246,38755,39237,40572,39452,39978,40101,39748,41598,40687,40427,39359,39866,40559,40343,40491,40925,40607,40751,42062,39495,39842,40952,42403,40695,39624,39467,40381,41171,39680,41169,39688,40257,41030,40296,40636,40708,40912,40492,39876,39829,40833,40836,40802,39801,42188,40547,40277,42482,40580,40056,40254,39891,40417,39515,40866,41810,40293,41871,39998,39527,39108,40776,42149,39938,39222,40189,40682,40771,39764,41576,41771,39824,40536,38716,39719,40684,40990,39596,39620,40999,41003,40594
374,0,0,50855,52428,51024,51231,52944,50684,49894,49639,49313,50313,51131,50167,51545,50215,49569,51801,50127,50087,51221,49551,49786,49350,48727,49100,49883,50369,51648,47860,50737,48852,51278,49660,50705,50408,51799,50546,48949,48704,51274,48907,49926,49226,50753,50552,50478,49872,50670,51344,50852,48610,50740,48046,50180,50608,51011,50245,49724,52103,48290,50572,50557,52147,50533,51006,50473,50821,48640,48477,52389,51487,51061,49912,53026,49493,50410,52236,50466,49794,51660,49599,52072,50329,50062,51025,50084,51256,49855,50814,50820,50115,49776,51267,49861,51469,49815,49870,50144,50529,52225,50538
375,0,0,66006,62233,61263,62847,61955,62321,62092,60107,62189,60886,62118,62524,61950,62360,62672,60267,64219,61822,62375,62590,62112,62899,61812,61581,62027,63331,61790,62658,63277,63684,63530,62737,62600,63165,62981,61640,60864,63284,61526,62091,60052,61710,63238,62912,64081,63947,63004,62752,62262,63097,64215,63084,64445,62180,64909,61663,61720,62424,62679,62522,62976,61111,65435,64041,62435,63561,62225,62559,65209,63988,63800,62618,63055,62956,61581,63550,63520,63565,61903,63022,63389,64598,61314,62593,62844,63602,62211,62437,63371,64142,63260,63399,65147,64482,65107,63319,63062,61323,63283,63968
376,0,0,75582,74109,73857,72725,75102,73821,73677,74775,74411,72446,73078,71246,74773,74409,73644,73357,73818,73316,72589,75850,74151,75597,74382,74555,75287,73206,75893,75533,74183,75408,74542,75786,76276,73401,76023,73379,74662,75953,76280,73074,77088,75674,72161,74040,77267,76555,74182,75060,75984,76431,73665,76334,76256,72477,75253,75268,75180,76570,75631,73725,75680,73974,75030,74245,73615,75434,77044,75912,75624,74039,75601,75861,74673,77516,74771,75866,75552,75501,76350,76496,75697,74967,77770,76510,76147,76868,76718,75612,73989,75885,72366,74403,72844,72517,76044,76813,75911,75660,76051,74841
377,0,0,93491,94341,93673,92496,94350,92080,92470,91948,93334,93609,90518,93032,94060,95881,95751,91996,94344,95156,91197,91173,91447,92974,92902,96492,92103,90909,93461,93088,92814,92926,92811,92247,96020,92172,94520,90681,94330,93177,93277,91681,93065,96221,91668,90521,91432,91976,91791,94333,90332,92870,94211,95085,89976,93186,91733,92290,93477,91860,91524,93539,95392,94364,94070,95852,91983,94548,93851,94199,93738,94364,93110,96579,92303,91890,93361,92619,93537,93381,92844,92269,91830,91994,95094,93757,91676,93758,92614,93367,92553,93365,92861,93857,93260,92341,95788,95019,94759,93007,92274,91345
378,0,0,123078,118113,115482,117231,116990,116122,120628,115581,116960,113355,117511,121258,120092,115903,117409,115390,119771,117925,114352,117106,115853,119252,119626,117964,120047,117276,119194,117297,118299,117363,117148,116120,112169,115451,117660,114708,115769,116680,117770,117159,115568,117554,117578,120880,119916,121079,116192,119189,117643,114558,117734,113559,117357,112849,116457,119430,116222,121556,115928,116761,118787,116005,117287,121573,119083,118771,118275,121311,122765,116446,120345,118078,115232,120782,118941,115903,122313,121051,119726,116190,118913,118887,118527,118300,116894,117956,119645,120219,119429,117896,121698,120154,120568,117083,121190,116384,116754,119471,117964,120070
379,0,0,159027,147768,152713,156154,153057,152764,152235,151673,153401,150094,150785,150622,155964,148679,149476,151769,147096,150668,147440,154404,152352,149574,152132,150880,152118,150132,150355,148959,154227,149623,151208,150814,153749,152676,152133,150016,152187,151198,151876,154621,152176,152727,156997,154879,154456,153856,154206,157033,157409,154945,152068,151939,160028,153824,152498,150023,151367,153909,152613,151283,155644,155104,155498,150689,150071,149511,153792,151430,152605,150180,150975,157169,156639,150086,152981,154256,153424,160115,151232,152330,152269,155746,156077,156808,150494,155501,158526,154937,153898,154158,158292,155584,150031,152246,155944,155943,151081,151392,154574,151280
380,0,0,182815,178654,178829,175376,175067,176045,177479,176718,176979,176619,178526,177590,174186,174381,174271,170174,179471,180112,167915,175306,174875,174381,175632,173825,174454,173973,173768,175654,172372,178995,167317,179582,176498,177903,177254,177838,176166,177976,173554,172611,178245,177821,173533,175065,181634,178679,175519,171357,171629,174735,176730,176409,177467,179987,173635,178107,179078,178583,177134,175497,176090,172635,179469,175792,178836,180928,181311,176342,172652,176916,179293,174920,180502,180044,179116,177644,175039,172512,176759,171960,171616,175674,176324,175261,175065,178458,175181,176561,173006,178494,174144,180241,183196,184184,176789,179378,178247,181845,178179,180117
381,0,0,219326,218875,221024,213724,212181,222809,215700,216524,211251,217811,212004,214699,215759,215733,211200,222802,215579,221810,215073,212105,212011,214996,214857,216097,216603,209765,215260,218195,223740,220292,216923,216766,219743,217427,224874,220969,216849,216783,219425,214829,217214,215785,221518,214164,214926,217222,216278,219358,223138,217563,214964,218688,211851,216375,216650,215678,218159,219059,217748,211915,217147,211821,217767,220208,218430,216799,212462,216835,217072,215810,216749,217778,214309,215930,219219,219930,213669,219389,217081,216592,222920,228416,217899,228942,221141,220690,225381,221137,219110,218959,216694,212595,222392,224723,223229,222609,218062,214593,217104,223194
382,0,0,270921,265085,265094,267103,264344,262152,264409,257984,264387,254940,263992,260836,258162,262328,264863,264323,262065,264483,254335,264440,262035,258345,263202,264471,258949,264426,262976,261752,263694,261916,259946,263950,264738,269263,261143,263832,266111,262314,266116,260126,271860,272742,264636,269849,267202,263724,263428,263368,264497,262998,264918,266586,272758,266583,264293,264304,271822,266535,266845,269454,270263,267953,269503,267840,266518,262373,265328,258630,264390,263122,263148,264806,261371,261434,263633,269181,266087,259735,261668,262145,260491,266082,263524,264060,272969,267307,266165,267067,264294,277036,265079,260776,267054,263081,266055,263971,268049,261921,260782,266223
383,0,0,307945,318121,312395,313749,305277,313038,303733,308224,319502,302932,312630,311869,312332,317654,314249,309328,311322,312233,311826,310593,312139,307727,305317,303542,309760,313087,320367,312842,306179,309464,309833,311235,310249,309341,306438,303740,311346,310071,309236,311643,314642,309430,310043,312315,307915,308270,316593,317129,308900,314177,309967,311560,311533,307992,308351,305423,314435,308146,311880,310678,314606,309778,311358,310653,316563,308117,310119,311871,310396,307573,308023,310306,312915,306007,309001,317739,317918,313251,309088,311733,308004,308323,312140,311648,319091,315175,307403,309538,311080,310233,310612,312546,309070,312358,311907,309329,301911,309302,302275,315193
384,0,0,416909,415920,408780,413684,410830,411907,416113,413478,415572,414551,407461,413317,414231,411200,414553,416302,414683,406484,417606,415527,415513,414063,416706,418163,416037,413273,415065,415261,420480,419843,417757,420328,415016,419509,408633,411081,411164,417020,411831,414819,413059,411900,419423,416736,416741,415789,415905,422297,414737,415552,416328,410662,414350,416002,410371,412177,416468,413108,419599,417125,414957,416245,421217,414964,414931,414512,418167,414547,419776,411132,411647,415754,412764,414620,414183,409446,419105,415281,418723,413399,417157,417094,417272,413020,415481,417414,413146,412085,420608,418324,414545,412576,412319,418373,417667,413535,410064,418127,414620,415146
385,0,0,447071,447960,452924,449834,449607,448309,444667,447916,453367,446511,446641,447295,447093,453004,453596,447270,453057,449903,451821,446378,448843,446992,452325,454629,449483,450683,454247,452989,451314,452474,453887,453958,449278,443882,444233,451797,450265,450920,450631,451206,455331,454655,452969,454611,452214,450748,451650,450542,448968,446425,448015,452715,448285,451618,453127,450067,453379,446500,447714,452085,450984,451915,451400,452348,451582,449622,450211,446451,445897,455584,448718,451974,447736,452309,452663,456639,448319,448329,448824,455767,450361,452437,449845,452785,448034,453098,451402,453676,448828,450758,451353,456050,452302,447821,448922,448952,444277,454077,446818,450598
386,0,0,479760,479717,475728,480498,479500,479058,481536,476136,479024,478023,479239,481399,479764,477435,479284,479059,479048,478358,477013,479407,478224,476591,482592,480222,481534,479886,477373,480644,478762,480100,478427,482075,480609,480889,478187,479686,476944,477815,476982,479238,477835,475201,482179,480758,479250,478859,478380,482298,479990,477121,482383,481549,480001,479276,480596,482090,477398,480370,477783,478622,478362,483958,477954,484797,479136,479602,481935,480169,481908,479939,478023,479812,479276,476911,483342,478933,478131,480549,478471,482103,481133,477226,478771,482866,480892,477661,482770,479056,480543,479672,481534,482001,478181,483494,479066,482519,481055,480515,476693,479332
387,0,0,500464,501213,502260,502954,500394,501734,499482,498030,502641,499341,498717,503054,501265,499895,501430,501757,500789,502374,498725,501252,500834,500661,503305,498386,500807,501475,503298,500830,501125,504624,500290,503807,501469,500434,502285,497857,501344,501359,500915,503339,500470,499716,498587,503069,497931,500678,504673,502916,501790,498219,501613,501108,499263,500734,501009,502946,500477,499956,499850,501381,499525,500689,500529,501922,501395,502149,505318,498600,501324,499964,500951,497126,499057,500007,500643,498958,500659,499781,499309,498907,500885,502765,501643,501603,501025,501206,499384,500559,495636,501962,501842,499499,502046,503248,496227,502291,497278,499254,500442,499930
388,0,0,514965,512218,511207,511396,513279,511749,510446,514664,512009,513208,512724,511265,512040,512226,513033,510878,513546,512569,513902,510595,512916,513075,511097,512402,513916,510238,512658,511692,510082,514191,512574,512444,511858,511687,511347,513365,513937,514469,514392,513736,514213,510773,511588,514360,514256,514106,513070,513480,512305,513173,513827,514759,513659,513259,511122,512383,513845,511970,512471,512797,513109,512820,513653,512521,513713,513460,515189,513437,513085,515238,513650,514720,513203,513141,513708,513907,514607,513638,512069,516602,514749,513579,512207,512311,512620,513735,514173,513757,514443,512897,513251,514324,513969,511431,512370,514054,512734,512998,514135,514330
389,0,0,525410,523985,523414,522344,523630,524361,522837,523529,524310,523834,523330,523865,522236,521704,522738,523587,524097,524027,523198,523263,524574,524043,523035,524563,522406,523626,523764,523279,523048,524390,524039,524014,523514,522867,524177,523159,523261,523877,523660,523847,523516,523930,524224,523804,524753,523272,522469,523486,524006,523397,525072,524906,524722,522970,523348,524321,523451,524583,522652,522213,522172,524812,524020,523312,524159,523774,524832,523158,523703,524127,523523,522260,523196,524480,524324,523480,523714,523532,524471,523367,524660,522635,524215,522985,524140,524375,523054,523704,523551,523990,523004,523297,523521,523483,523265,524205,524319,524075,523778,524779
390,0,0,533835,533261,533078,532071,532285,532947,531444,532552,532372,532097,532351,532689,532449,532121,532522,532871,532679,532877,532733,532737,533192,532742,531716,532541,531968,531715,533207,531833,531817,532232,532736,531896,532199,533092,532716,533337,532929,533300,532787,533427,532477,532522,533420,532444,532327,532688,532406,531262,532250,532365,532428,532309,532330,532766,532420,532759,532488,532096,532496,532469,533321,531837,532524,533269,532878,533098,532827,532766,532625,532587,532627,533290,533476,532604,532964,533486,533027,532541,532789,532358,533077,532308,532975,531684,532659,532999,532438,532825,532389,533005,532531,532489,532168,532636,532535,531964,532653,532644,532378,532896
391,0,0,539303,538641,538539,537698,537908,537817,538501,538122,538537,538474,538998,538707,538421,538277,538616,538465,538728,539030,538510,539199,539313,539039,539025,538918,538715,538531,538859,538599,538775,539156,538709,538814,538987,539027,538624,538981,538418,538763,538879,539099,538640,539179,539441,538911,538475,539435,538683,539057,538737,538101,538740,539159,538293,539475,538719,538389,538862,539075,539222,539450,538925,538399,539619,538358,539238,539217,538992,539367,539685,539320,539191,539642,539666,539021,540052,539179,539134,538621,538794,539080,539008,539087,538833,539269,538932,538309,539025,538733,539402,538215,539028,538491,539036,538984,539083,539153,538781,538672,538721,539467
392,0,0,546707,545871,545700,545461,545898,545870,545504,546127,546265,546220,546406,546458,546439,545801,546020,545804,546052,546192,545845,546074,546472,546267,546021,546299,546682,546121,546271,546290,546230,546498,545605,546513,546210,545884,546364,546439,546031,546377,546011,546317,546202,546468,546411,546520,546418,546199,546842,546105,546221,546602,545941,546564,546333,545775,545751,546146,546198,545680,546239,545786,546125,545687,546161,545234,546536,545728,545567,545588,545381,545804,545805,545857,545475,544899,545345,545300,545364,545215,545603,546278,545867,545860,545592,545835,545854,545274,545925,545978,545984,545999,546354,545874,546892,545738,546453,545662,546201,546431,546219,546226
393,0,0,557022,555780,555540,555914,555639,555527,555485,555677,555793,556127,555676,555427,555876,556061,555105,555615,555077,555823,555614,555507,555625,556284,556399,556645,556358,555809,556342,556362,555979,555329,556195,556337,555685,555765,556223,555719,556495,555889,556000,556556,556132,556746,556530,556523,556356,556580,556148,556294,556257,556258,556658,556414,556091,556032,556058,556055,555760,555914,555996,556594,557040,556287,556319,556046,557279,556341,556929,555968,556233,556311,556682,556375,556116,556236,555850,556133,556487,556704,556139,556430,555596,556402,557090,555854,556500,556073,556370,556250,556484,556174,556543,555937,555963,556472,556252,556290,555733,556343,556338,556634
394,0,0,570295,569214,567913,569331,568326,568103,568372,568574,568428,568058,568594,568649,568327,568099,568000,568098,568208,567978,568346,568311,568473,569300,568264,568007,568551,567862,567887,568642,568325,568194,568422,568031,568103,568173,568251,567832,568485,568655,568816,569285,568663,568814,568838,568903,568664,569121,568705,569199,568269,568617,568642,568660,568668,568452,568930,568988,567871,569366,568546,568819,568819,569389,568928,568644,568740,568014,568813,569073,569768,568726,568671,568882,569153,568893,568598,569671,568583,568564,569100,569243,569622,569114,568911,568978,568588,569019,567992,568496,569073,569032,568918,569231,569053,569032,569148,569227,568786,569231,568548,568901
395,0,0,584849,584881,583378,582809,582879,583533,583014,583095,582055,582684,582552,582354,582777,583090,582688,582248,582276,582654,582995,582499,582714,582508,582778,583508,582808,582911,582870,582334,582558,582868,582805,583014,582470,582574,582736,583357,582481,582946,583025,582299,583610,583774,584240,583905,583227,583518,583782,583829,583610,583025,583098,582970,583194,582801,583490,582630,582635,583432,583470,581928,582266,581972,583503,582721,583320,582701,582778,582689,584232,583828,583751,583878,583629,582539,582601,582884,582856,583541,583941,582852,583977,583454,584224,584051,584156,583436,583546,583575,583012,583618,583986,584307,582930,584095,583107,583739,583836,583703,582881,583597
396,0,0,598520,598686,598339,597402,597523,596937,597536,597781,598056,598358,598341,596931,597123,597058,596941,597033,596789,597762,598436,597891,598283,597395,597348,597329,597745,597573,597861,597009,597285,597957,597819,599052,598187,597822,597669,597430,597574,597537,597783,596380,596005,597261,597718,597619,597482,597436,598133,597733,597371,597491,596627,596937,597229,596607,597276,597416,597729,596388,597194,596774,597033,596822,596613,596755,597233,597261,597372,596297,597858,597462,597629,596437,597095,598454,597902,598409,597746,597983,596868,597370,597465,597912,598150,598103,597759,599193,598703,598357,597955,597747,598043,597802,597659,597488,597503,598166,598328,597483,598312,598820
397,0,0,621218,619033,618114,618761,619060,617949,618756,619305,619698,619012,619690,618718,618169,618948,619080,618068,619103,619994,620300,618903,619487,619706,619297,619669,619502,620135,620041,619533,620778,620063,620611,620367,622014,620935,620326,618377,620278,619775,618751,619050,620021,618754,620359,619306,620335,619519,620828,620964,620365,618772,619726,620494,620351,621693,620629,619344,620740,620022,619783,618686,618579,618296,617796,617997,618375,618612,619462,619627,619176,617827,618515,619245,620171,620815,621052,619183,620563,620056,619639,620881,619956,620281,619575,619476,618753,618670,619560,620357,619617,620203,619512,619839,618600,619186,618785,619565,619624,619987,619889,618709
398,0,0,652299,649943,649312,649911,649368,648099,648090,649185,650181,649719,648890,650275,649819,649918,649788,649822,649139,648885,649974,649281,647956,648003,649515,649273,648654,649449,648454,649697,648701,649988,649932,649935,648424,648643,649232,649419,649455,650345,649098,650584,649586,649965,649133,650221,649772,650581,650583,649359,648834,649321,649137,650238,650881,650462,651292,649488,648429,649624,648415,650321,651534,650838,650582,650321,650552,651321,649950,650188,648956,649495,650532,650117,649574,649885,648659,650110,651623,651255,651541,649934,651135,650901,650650,651102,649990,650029,648736,649513,649926,649272,650059,650545,649175,649768,650918,648567,648131,648514,648892,649447
399,0,0,685846,684771,683759,684145,684144,684268,684849,684303,685262,685633,687401,688310,686017,685373,686265,686301,685016,685984,686716,685973,684560,684115,684992,683177,684500,684204,686745,685819,687822,686034,686812,686583,685651,687349,686967,687682,687938,687186,686122,688251,687458,687163,686504,687100,687594,687035,686730,687752,687807,686360,685786,686866,685453,688106,687435,687612,688015,686357,684698,685630,686317,688949,688556,686303,685543,685855,685232,685812,685666,686476,687214,687178,687103,686277,687266,686966,685568,684400,685315,684941,687134,684581,686289,686585,684699,686187,686293,687339,686055,686945,686937,686595,685653,687050,685594,684909,685998,685153,685790,687011
400,0,0,730486,729269,727037,727235,727909,726992,727563,727613,727501,726132,726362,727652,727670,725927,728925,725855,727806,727308,728893,727274,727314,725900,727831,728691,726218,727130,726097,726969,726558,727087,727625,726833,725975,728829,729698,728780,727824,727461,727767,728147,726763,727675,729256,730986,729102,728521,727787,727822,728652,728473,727648,727657,727004,728795,729347,727621,728694,726962,728766,727072,725838,725217,728036,728699,728194,727855,727082,727206,726631,727771,728804,727671,726352,727628,729290,727543,726392,725738,727453,727724,728683,728527,728698,729322,727140,727718,729172,728147,727994,728844,727848,726988,728825,729358,729602,729001,727666,727908,728628,726921
401,0,0,770148,767779,765795,766819,766927,765282,767162,765857,765313,766091,766493,765748,766688,765634,765216,765984,768700,765213,765593,766175,767585,767960,767788,767238,767468,767646,767613,768159,767655,767830,767554,767357,769367,768240,765053,766718,766453,766155,768962,766325,766476,767462,766912,766976,767188,768491,770110,768564,768076,768293,768502,766881,767709,766865,768930,769338,767828,767562,768287,767512,768654,768952,766742,769006,770152,768080,769071,767255,769780,771450,770613,770047,769612,770806,769883,767767,768232,770659,771539,769738,770241,769321,770160,770225,768372,769578,768708,770620,767670,766252,767948,767404,767988,765414,768579,769528,770788,770486,770390,770087
402,0,0,823027,822069,820703,820461,819386,819071,819307,819667,820107,819266,818491,818548,818915,820089,819263,819508,818624,819057,819109,819505,820230,818682,820521,819691,820377,820441,818418,819414,818244,818474,818613,818152,819602,818984,818836,820547,818713,819961,819111,820998,819737,820802,819811,819075,819875,819441,821148,820596,821311,822561,820759,819767,821401,821544,822161,821320,821526,821326,819748,821314,821366,819657,818130,819539,819388,818626,820692,818997,819134,819222,818766,818091,820346,818868,819205,819702,818983,818129,819620,819356,818654,819153,818462,819040,819314,819146,819778,820142,820711,821366,820245,819951,818671,821470,820997,820081,819570,819712,820065,818465
403,0,0,859709,859593,858833,858917,858125,857410,857132,858535,857865,858985,858334,857733,857477,855038,856428,856119,856145,856876,857286,857310,858502,858270,860376,859598,859723,859820,858880,857721,860528,859211,859105,859195,858180,859562,859999,858999,858943,860322,859317,857468,858199,857546,859239,860330,858363,858007,858989,857383,857451,859302,858952,858123,857502,857749,857209,859214,857101,858115,857352,857620,858242,859149,857531,857175,857747,857380,857353,856749,857075,856768,857514,856376,857309,855044,856260,856785,858806,857511,857772,859778,858894,858600,859724,857633,859448,858207,859464,857677,858092,858075,858045,859010,858529,858261,857961,859496,857983,859273,858216,858334
404,0,0,892433,889919,887313,886836,887796,887685,887580,888103,888376,887508,889016,887820,888748,888059,887449,886856,888178,886060,888164,887889,888555,887485,887656,888361,888102,888333,889089,888612,889445,889442,887896,887943,888860,889237,889806,889737,889585,888707,889868,889391,889373,888931,888853,889653,889349,889192,888055,890017,889822,889418,889200,889328,887789,888464,889320,889167,889322,888139,888560,887296,888723,889472,889771,889588,888735,888325,888643,888611,888413,886015,887066,886806,886247,887788,887105,886637,886766,887597,888390,889009,887614,887926,886817,886293,888267,889370,889368,888566,888126,888836,888178,889492,888922,889587,889573,889385,886011,888889,887831,887845
405,0,0,920850,920783,917901,918720,918096,918649,918455,919218,917473,917681,918700,917726,917075,917272,918184,917746,917705,916248,918416,917555,916814,916884,917366,917978,918601,917886,917491,917377,918933,917150,917745,918164,918691,919059,917596,918182,918070,917452,918596,918121,918098,918371,917967,918186,917990,919268,919141,918251,918556,919799,918422,918357,919415,918081,918775,917935,918082,918501,918340,917655,918793,917659,919040,918777,918406,917939,918066,918034,918704,917638,917747,917892,917566,917974,917724,916745,917740,918667,917219,918171,916677,918268,917666,917961,918218,918106,917804,918143,917466,918015,917650,917219,918055,917573,916930,918469,919527,918688,918492,918075
406,0,0,943036,943817,941374,942847,942237,942077,941424,941872,941772,941975,942841,942772,941666,942496,942926,942068,942282,942876,942292,942955,942699,942567,942049,942960,942842,942711,942086,941970,941974,941691,940933,941273,941125,941462,941682,941427,941618,941025,942386,941615,942086,941689,942266,941956,942200,941003,941194,942466,942305,941661,942409,941388,942077,942613,942507,942322,942492,942562,941597,941100,942089,941689,941867,942816,943108,942632,942629,942264,942001,941932,942221,942423,941902,941816,942494,943023,942609,942658,943389,942958,942304,943198,942434,943325,942871,942792,943007,942529,942356,942620,942317,942571,942556,942140,943004,942642,942566,943843,942504,942109
407,0,0,961050,960241,959369,959105,958602,959184,958540,958182,959206,958772,959249,959820,959017,958921,959686,959721,959677,959512,959264,959307,960061,959827,960020,959592,959341,958964,959122,959546,959073,958337,958653,959487,959185,959744,959708,959388,959303,959912,959461,959866,960155,960245,961053,960853,960060,959673,959842,959726,960182,959382,959386,959428,959500,959379,959319,959671,959947,959445,958796,959351,959710,959640,959460,959081,958923,958962,958324,959530,959438,959396,958936,959438,959370,959424,959201,959269,959444,959604,959451,959298,959106,958970,959797,959623,959452,959369,960241,959658,959482,959894,959836,959714,959782,959933,959962,959316,959491,960369,959168,960053
408,0,0,971398,971420,970804,970449,970450,970377,970047,970296,969967,970416,970009,970622,970347,970052,970395,969947,969735,970621,970311,971261,970426,971070,970017,970148,970357,970576,970674,970335,970830,970861,971334,970214,971003,970963,970760,970783,970161,970555,970366,970064,970531,970600,970367,971165,970669,970686,971297,970995,971420,970858,970737,971027,971022,970849,971196,970832,970887,970903,971106,971296,971524,971066,971440,971261,971475,970480,971145,971415,971245,970872,971540,971458,972027,970941,970602,971015,971109,971530,971103,971355,970300,970950,970427,970914,971092,971150,970792,970944,970623,971093,970816,971263,971318,970733,971023,970900,970944,970972,971468,970897
409,0,0,982641,981922,981477,981828,981890,981419,981225,981303,981218,981355,981320,981311,981537,981427,981937,981899,981030,981023,981194,981079,981461,981166,981221,981230,981184,981057,981331,981130,981538,981594,981717,981795,981312,981635,981854,981753,981530,981789,981657,981846,981658,981741,981369,981591,981673,981662,981726,981366,981626,981329,981627,981674,981964,981528,981357,981062,981435,981246,981384,981378,981727,981446,981434,981551,981068,981420,981574,981058,981339,981146,981406,980979,981370,981826,981715,981671,981303,981185,981597,981421,981784,981535,981371,982119,981382,981640,981091,981359,981383,981242,981042,981604,981607,980916,981077,981230,981588,981511,981031,981023
410,0,0,989808,989301,989092,988798,988720,988925,989079,989223,988734,988881,989118,989087,989113,989507,989295,989211,989288,988951,989196,989338,989260,989099,989242,989129,989515,989255,989346,989060,989067,988732,989180,989024,989031,988916,988929,989120,989239,989138,989278,989314,989231,989240,989368,989388,989314,989394,989150,989331,989504,989375,989027,989406,989330,989175,989415,989017,989432,989175,989446,989491,989665,989460,988996,989100,989439,989820,989276,989589,989086,989268,989367,989389,989253,989170,989409,989446,989290,989418,989538,989295,989281,989556,989330,989375,989367,989626,989761,989418,989688,989535,989557,989730,989664,989277,989373,989434,989408,989358,989028,989180
411,0,0,994144,994129,993816,993827,993994,993728,993843,993763,993852,993772,993878,993863,993855,993798,993693,993700,993922,993792,993761,993615,993808,993635,993840,993873,993801,993770,993729,993552,993560,993875,993783,993839,993761,993896,993743,993978,993684,993799,993671,993544,993427,993678,993862,993596,993701,993549,993916,993863,993838,993729,993761,993842,993621,993843,993759,993967,993945,993911,993521,993867,993815,993997,993980,993904,993581,993551,994036,993721,993865,993708,993877,993697,993934,993910,993803,993797,993830,994072,993976,993804,993842,993934,993743,993872,993659,993602,993777,993665,993650,993748,993822,993792,993799,993746,993875,994017,993757,994028,993758,993909
412,0,0,996326,996141,996113,995944,996023,996181,996052,996012,995923,996212,996150,996114,996086,996061,996083,996097,996176,996246,996172,995984,996058,996077,996024,995987,996155,995860,996017,996058,996181,996152,996082,996191,996109,996062,996092,996112,996045,996068,996081,995902,995914,996202,996118,996136,996115,995923,996115,996217,996191,996129,996301,996135,996186,996195,995899,996020,996134,996240,996148,996074,996147,996090,996030,996095,996147,996158,996187,996110,996110,996102,996222,996344,996011,995963,996158,995982,996079,996145,995914,995872,996097,996146,996179,996199,996220,996127,996142,996253,996033,995987,996045,996049,996086,996010,996064,996114,996074,996127,996060,996102
413,0,0,997817,997775,997802,997686,997709,997740,997591,997621,997625,997651,997610,997698,997706,997745,997624,997799,997751,997560,997675,997617,997698,997627,997695,997684,997661,997663,997690,997690,997759,997811,997773,997741,997689,997685,997662,997687,997716,997764,997727,997678,997684,997840,997896,997686,997731,997759,997645,997649,997688,997770,997730,997654,997729,997818,997738,997740,997843,997663,997718,997743,997707,997651,997687,997716,997764,997681,997742,997683,997725,997609,997624,997736,997673,997657,997743,997714,997797,997753,997687,997808,997693,997652,997774,997720,997696,997617,997664,997714,997615,997559,997604,997732,997674,997638,997691,997870,997720,997694,997630,997695
414,0,0,998821,998773,998671,998740,998657,998730,998704,998666,998625,998710,998680,998716,998716,998653,998624,998790,998608,998654,998698,998727,998672,998675,998743,998637,998672,998626,998691,998642,998739,998674,998670,998665,998705,998669,998625,998738,998703,998683,998662,998697,998692,998724,998650,998764,998648,998707,998669,998680,998658,998651,998782,998723,998688,998781,998684,998722,998677,998667,998679,998796,998694,998711,998659,998724,998666,998686,998733,998752,998724,998729,998650,998662,998718,998685,998659,998654,998769,998605,998715,998666,998670,998639,998721,998733,998666,998750,998654,998695,998795,998719,998795,998745,998711,998783,998694,998756,998712,998749,998768,998652
415,0,0,999381,999299,999323,999346,999301,999375,999321,999318,999232,999302,999333,999266,999304,999321,999297,999263,999316,999267,999322,999310,999354,999286,999265,999335,999306,999377,999354,999317,999297,999335,999307,999285,999312,999288,999384,999312,999263,999333,999313,999369,999385,999339,999382,999311,999304,999343,999334,999268,999290,999254,999319,999357,999315,999323,999379,999357,999336,999309,999320,999337,999342,999323,999318,999338,999322,999369,999309,999363,999327,999303,999372,999340,999380,999322,999276,999302,999370,999321,999330,999340,999338,999261,999273,999236,999361,999288,999394,999390,999326,999348,999253,999308,999279,999364,999295,999272,999338,999300,999296,999278
416,0,0,999894,999869,999907,999914,999874,999878,999872,999902,999870,999893,999843,999909,999910,999879,999896,999896,999900,999895,999901,999898,999912,999883,999889,999868,999890,999884,999885,999881,999883,999857,999894,999917,999899,999891,999858,999911,999911,999878,999893,999894,999898,999903,999884,999896,999904,999885,999873,999879,999876,999886,999867,999882,999884,999904,999879,999906,999905,999882,999890,999877,999906,999901,999884,999893,999887,999882,999890,999906,999868,999892,999894,999886,999902,999909,999899,999888,999877,999874,999888,999900,999896,999865,999877,999904,999903,999899,999874,999876,999893,999880,999891,999898,999885,999897,999905,999890,999911,999909,999896,999859
417,0,0,999982,999969,999979,999976,999974,999980,999973,999973,999958,999976,999974,999983,999957,999973,999975,999971,999973,999970,999970,999973,999959,999979,999970,999973,999976,999973,999966,999971,999970,999973,999973,999968,999976,999982,999963,999974,999960,999968,999955,999962,999965,999965,999961,999971,999961,999965,999967,999972,999965,999962,999974,999968,999975,999965,999975,999975,999963,999972,999975,999973,999981,999967,999962,999974,999977,999968,999975,999963,999957,999977,999977,999969,999970,999967,999973,999974,999954,999966,999975,999972,999976,999965,999968,999960,999972,999974,999976,999980,999975,999968,999969,999973,999976,999971,999975,999965,999964,999963,999974,999968
418,0,0,999999,999995,999996,999994,999996,999999,999996,999997,999997,999990,999997,999996,999995,999996,999997,999997,999998,999999,999996,999996,999996,999994,999996,999992,999995,999996,999996,999997,999994,999997,999994,999999,999998,999997,999991,999995,999997,999992,999991,999999,999997,999994,999998,999995,999998,999998,999995,999998,999997,999995,999995,999997,1000000,999994,999994,999998,999996,999999,999994,999998,1000000,1000000,999997,999996,999997,999991,999996,999995,999997,999998,999999,999995,999995,999997,999998,999991,999996,999994,999994,999997,999993,999996,999993,999999,999997,999998,999996,999999,999996,999994,999998,999996,999997,999996,999997,999998,999997,999997,999995,999998
419,0,0,1000000,999998,999998,1000000,999999,1000000,999999,1000000,1000000,999999,1000000,999998,1000000,1000000,1000000,1000000,1000000,999999,999998,1000000,999997,1000000,999999,1000000,1000000,1000000,1000000,999999,1000000,1000000,999999,1000000,1000000,999998,999998,1000000,1000000,1000000,1000000,999997,1000000,1000000,999999,1000000,1000000,1000000,999999,1000000,999999,1000000,999998,1000000,999999,1000000,1000000,999999,1000000,1000000,1000000,999999,1000000,1000000,999999,1000000,1000000,1000000,999999,999999,1000000,1000000,999998,999998,999999,999999,999999,1000000,1000000,1000000,1000000,1000000,1000000,1000000,999998,1000000,999999,1000000,1000000,1000000,1000000,1000000,1000000,1000000,1000000,999999,999999,1000000,1000000,1000000,1000000,1000000
