Vth_T ,6bit_Vth,#1,#2,#3,#4,#5,#6,#7,#8,#9,#10,#11,#12,#13,#14,#15,#16,#17,#18,#19,#20
0,0,3150,3164,3153,3186,3160,3167,3160,3182,3207,3145,3188,3155,3202,3176,3164,3160,3204,3168,3203,3205
1,0,3136,3139,3180,3238,3263,3228,3230,3249,3232,3196,3235,3257,3216,3208,3203,3218,3226,3195,3236,3203
2,0,3206,3226,3240,3272,3244,3233,3239,3255,3243,3237,3218,3241,3254,3272,3271,3219,3218,3274,3260,3263
3,0,3218,3222,3225,3252,3228,3253,3291,3251,3288,3282,3343,3313,3314,3293,3282,3304,3326,3255,3267,3308
4,0,3232,3295,3298,3363,3324,3260,3277,3315,3321,3341,3332,3312,3322,3275,3322,3273,3297,3287,3285,3275
5,0,3339,3328,3333,3339,3324,3328,3363,3291,3324,3324,3346,3363,3324,3323,3343,3369,3305,3337,3332,3366
6,0,3317,3411,3333,3375,3341,3363,3403,3418,3362,3368,3409,3380,3378,3384,3367,3324,3359,3385,3384,3373
7,0,3363,3329,3377,3365,3336,3395,3383,3391,3379,3421,3393,3389,3405,3378,3385,3407,3429,3382,3421,3449
8,0,3404,3422,3435,3404,3357,3394,3390,3384,3363,3398,3421,3425,3397,3412,3411,3364,3431,3431,3407,3418
9,0,3409,3450,3421,3449,3477,3426,3445,3414,3460,3430,3436,3452,3418,3439,3450,3425,3445,3418,3413,3421
10,0,3427,3423,3472,3456,3477,3481,3474,3456,3489,3512,3476,3494,3516,3479,3482,3469,3470,3506,3483,3462
11,0,3483,3472,3514,3503,3475,3493,3484,3482,3488,3468,3530,3480,3494,3492,3504,3470,3462,3514,3532,3467
12,0,3471,3464,3539,3514,3542,3539,3517,3497,3489,3521,3561,3488,3498,3538,3552,3495,3560,3509,3543,3548
13,0,3533,3546,3577,3574,3544,3525,3538,3559,3568,3566,3554,3586,3575,3603,3581,3551,3564,3533,3561,3568
14,0,3550,3546,3599,3576,3607,3593,3579,3606,3584,3560,3571,3577,3573,3547,3581,3562,3590,3583,3601,3578
15,0,3574,3618,3607,3613,3589,3652,3590,3636,3658,3599,3645,3605,3609,3597,3606,3650,3588,3603,3620,3617
16,0,3584,3610,3614,3610,3651,3611,3579,3618,3633,3666,3550,3617,3623,3614,3642,3660,3653,3670,3670,3679
17,0,3626,3665,3685,3668,3658,3695,3681,3687,3734,3689,3667,3638,3628,3661,3664,3704,3666,3618,3682,3649
18,0,3639,3671,3684,3667,3688,3689,3673,3675,3687,3743,3681,3725,3704,3713,3743,3711,3687,3693,3665,3739
19,0,3626,3711,3710,3691,3721,3719,3670,3706,3737,3708,3719,3710,3696,3713,3696,3735,3726,3728,3702,3739
20,0,3721,3763,3712,3720,3703,3695,3737,3729,3706,3696,3748,3740,3746,3741,3740,3711,3701,3733,3751,3735
21,0,3710,3744,3779,3744,3711,3715,3756,3793,3772,3723,3792,3711,3759,3758,3738,3794,3756,3762,3760,3732
22,0,3773,3752,3743,3806,3763,3781,3774,3819,3752,3793,3788,3760,3823,3779,3755,3792,3752,3776,3763,3800
23,0,3786,3772,3822,3822,3836,3812,3832,3795,3814,3809,3847,3801,3741,3822,3833,3803,3819,3840,3845,3810
24,0,3820,3833,3834,3849,3788,3827,3788,3809,3824,3877,3828,3847,3801,3821,3810,3846,3851,3848,3846,3820
25,0,3807,3840,3855,3860,3836,3840,3904,3901,3870,3848,3840,3884,3874,3887,3881,3877,3824,3869,3861,3881
26,0,3857,3860,3867,3900,3861,3862,3887,3899,3894,3895,3896,3913,3912,3891,3880,3882,3918,3874,3880,3850
27,0,3872,3864,3945,3884,3895,3908,3888,3884,3905,3932,3903,3905,3844,3891,3909,3887,3914,3891,3925,3910
28,0,3880,3934,3927,3957,3904,3925,3919,3953,3930,3898,3906,3900,3920,3948,3886,3910,3921,3924,3943,3897
29,0,3874,3964,3957,3960,3944,3978,3987,3956,3962,3920,3985,3975,3999,3936,3942,3905,3924,3968,3975,3973
30,0,3933,3962,3990,3975,3949,3956,3964,3980,4006,3971,4006,3965,3971,3989,3953,3996,4008,3986,3990,3991
31,0,3944,3953,3972,3964,4008,4020,3984,3961,4007,4002,3961,4004,3984,4018,3992,4008,4030,3986,4025,4016
32,0,4012,4034,4049,4044,4055,4012,4030,4022,4005,4071,4020,4025,4027,4045,4026,4020,4031,4053,4047,4047
33,0,4041,4024,3996,4039,4034,4057,4034,4045,4024,4039,4089,4109,4067,4088,4045,4048,4044,4057,4048,4065
34,0,4023,4054,4092,4052,4072,4071,4066,4097,4067,4114,4071,4116,4067,4079,4098,4073,4073,4041,4104,4076
35,0,4072,4087,4096,4086,4098,4100,4066,4080,4107,4105,4078,4106,4074,4096,4087,4104,4085,4072,4116,4100
36,0,4097,4104,4077,4138,4112,4091,4104,4092,4100,4125,4089,4143,4126,4132,4084,4130,4104,4066,4064,4060
37,0,4154,4106,4144,4151,4152,4127,4091,4113,4133,4160,4133,4141,4118,4153,4158,4136,4112,4138,4124,4117
38,0,4128,4136,4149,4136,4143,4152,4124,4138,4129,4114,4155,4159,4114,4140,4149,4161,4146,4124,4161,4146
39,0,4127,4162,4120,4152,4182,4170,4189,4189,4185,4197,4143,4159,4138,4167,4186,4171,4156,4150,4197,4149
40,0,4156,4171,4151,4199,4177,4184,4173,4195,4169,4188,4194,4194,4199,4204,4195,4154,4178,4172,4185,4224
41,0,4184,4185,4167,4200,4174,4205,4183,4183,4211,4186,4220,4190,4217,4177,4185,4215,4217,4188,4208,4220
42,0,4184,4190,4195,4190,4201,4208,4219,4197,4215,4219,4210,4219,4228,4216,4185,4231,4234,4230,4209,4211
43,0,4190,4214,4245,4222,4217,4202,4191,4225,4253,4230,4150,4249,4219,4237,4225,4208,4260,4243,4208,4235
44,0,4233,4227,4215,4246,4254,4261,4227,4235,4258,4257,4249,4272,4242,4238,4245,4232,4241,4266,4277,4255
45,0,4225,4268,4258,4249,4246,4252,4236,4255,4256,4263,4261,4245,4251,4251,4251,4269,4243,4235,4237,4251
46,0,4245,4264,4260,4267,4278,4251,4266,4253,4257,4259,4298,4283,4281,4290,4256,4278,4263,4257,4252,4270
47,0,4270,4266,4276,4271,4277,4283,4274,4293,4287,4319,4246,4255,4284,4256,4256,4251,4288,4288,4273,4286
48,0,4253,4294,4296,4286,4304,4323,4287,4280,4288,4275,4285,4300,4315,4287,4314,4303,4303,4292,4306,4301
49,0,4291,4297,4294,4281,4307,4297,4303,4290,4252,4291,4284,4302,4293,4289,4281,4300,4301,4307,4287,4313
50,0,4293,4332,4297,4321,4310,4289,4322,4314,4292,4330,4320,4290,4305,4311,4325,4306,4306,4297,4321,4307
51,0,4300,4320,4329,4331,4368,4315,4320,4337,4312,4321,4332,4328,4327,4317,4314,4343,4297,4332,4322,4330
52,0,4339,4326,4303,4337,4344,4317,4356,4325,4350,4323,4343,4343,4329,4379,4341,4327,4342,4334,4352,4321
53,0,4309,4330,4335,4336,4338,4357,4348,4354,4322,4327,4356,4326,4339,4339,4338,4349,4338,4326,4332,4344
54,0,4312,4357,4367,4346,4371,4347,4352,4374,4350,4355,4353,4352,4357,4346,4344,4350,4355,4346,4344,4351
55,0,4364,4381,4376,4354,4356,4369,4374,4364,4379,4375,4374,4355,4354,4389,4371,4371,4359,4371,4359,4375
56,0,4363,4339,4357,4370,4373,4338,4355,4356,4355,4381,4357,4390,4363,4380,4370,4380,4371,4358,4359,4373
57,0,4394,4364,4351,4386,4370,4363,4400,4373,4380,4377,4397,4384,4377,4387,4382,4387,4401,4369,4370,4393
58,0,4372,4375,4363,4365,4362,4407,4384,4406,4368,4357,4393,4374,4397,4376,4353,4388,4397,4380,4385,4394
59,0,4382,4381,4396,4391,4397,4385,4369,4385,4389,4385,4406,4398,4369,4402,4391,4386,4374,4403,4387,4396
60,0,4394,4400,4410,4375,4402,4382,4408,4390,4390,4415,4372,4389,4395,4401,4401,4423,4369,4384,4379,4400
61,0,4377,4401,4407,4417,4396,4409,4366,4399,4407,4409,4406,4373,4384,4410,4407,4390,4417,4407,4392,4400
62,0,4397,4414,4392,4411,4410,4414,4423,4410,4406,4410,4418,4399,4433,4388,4436,4395,4403,4420,4397,4414
63,0,4401,4393,4423,4426,4421,4426,4414,4418,4416,4411,4428,4423,4403,4425,4428,4405,4413,4396,4393,4394
64,0,4418,4435,4400,4423,4417,4428,4444,4443,4433,4422,4426,4434,4406,4430,4434,4425,4432,4403,4444,4436
65,0,4420,4426,4446,4423,4427,4420,4443,4430,4435,4432,4430,4423,4439,4427,4443,4429,4424,4437,4422,4424
66,0,4417,4421,4411,4440,4418,4428,4425,4445,4444,4426,4436,4439,4426,4429,4438,4448,4446,4433,4441,4430
67,0,4436,4431,4433,4419,4435,4436,4447,4441,4441,4459,4456,4453,4439,4444,4457,4430,4436,4420,4438,4436
68,0,4429,4445,4439,4447,4451,4446,4445,4442,4441,4424,4443,4435,4456,4430,4435,4454,4442,4445,4434,4444
69,0,4424,4446,4448,4455,4436,4435,4459,4447,4453,4434,4459,4450,4437,4455,4454,4463,4456,4434,4445,4433
70,0,4456,4453,4430,4461,4432,4439,4453,4450,4445,4440,4452,4479,4448,4453,4456,4478,4451,4445,4443,4445
71,0,4455,4451,4455,4457,4451,4463,4460,4454,4481,4459,4450,4429,4446,4449,4461,4472,4450,4471,4462,4448
72,0,4475,4468,4445,4468,4440,4454,4484,4468,4454,4452,4467,4440,4445,4464,4456,4464,4461,4463,4449,4453
73,0,4450,4446,4436,4483,4430,4497,4460,4458,4469,4465,4458,4459,4470,4486,4444,4458,4475,4453,4454,4454
74,0,4461,4478,4468,4476,4465,4466,4467,4471,4463,4455,4473,4465,4475,4482,4467,4448,4472,4475,4468,4463
75,0,4447,4457,4470,4473,4455,4481,4466,4452,4459,4466,4463,4459,4476,4459,4456,4461,4481,4461,4469,4483
76,0,4479,4466,4466,4479,4474,4460,4471,4481,4475,4466,4480,4463,4462,4475,4461,4455,4468,4470,4470,4475
77,0,4474,4471,4488,4455,4484,4484,4481,4469,4464,4484,4476,4468,4473,4469,4475,4470,4465,4465,4468,4476
78,0,4469,4467,4456,4479,4472,4473,4482,4464,4476,4480,4488,4475,4473,4479,4488,4475,4459,4467,4476,4491
79,0,4470,4483,4462,4486,4466,4474,4472,4492,4484,4481,4481,4472,4465,4468,4488,4490,4479,4488,4483,4476
80,0,4464,4473,4466,4473,4483,4483,4482,4481,4479,4490,4482,4490,4481,4483,4471,4485,4489,4485,4487,4472
81,0,4475,4492,4493,4467,4486,4485,4471,4503,4488,4482,4489,4481,4472,4480,4487,4494,4503,4499,4475,4489
82,0,4501,4478,4483,4481,4482,4503,4497,4486,4494,4483,4496,4477,4475,4508,4499,4493,4476,4460,4506,4465
83,0,4492,4497,4502,4481,4480,4497,4495,4493,4488,4525,4493,4488,4509,4483,4487,4497,4493,4496,4502,4483
84,0,4491,4497,4500,4502,4493,4492,4507,4484,4512,4504,4507,4505,4476,4506,4492,4498,4484,4481,4478,4498
85,0,4496,4492,4495,4500,4478,4500,4501,4492,4515,4518,4502,4505,4488,4504,4501,4500,4500,4511,4495,4503
86,0,4499,4486,4479,4489,4512,4492,4497,4531,4501,4511,4515,4513,4499,4498,4508,4494,4496,4506,4485,4499
87,0,4500,4471,4505,4512,4507,4489,4506,4501,4490,4510,4502,4503,4497,4509,4514,4496,4506,4524,4504,4496
88,0,4502,4515,4511,4490,4507,4491,4505,4489,4513,4500,4513,4511,4521,4529,4501,4514,4507,4509,4488,4509
89,0,4511,4513,4510,4510,4508,4487,4497,4496,4510,4533,4518,4522,4512,4504,4506,4507,4511,4530,4508,4519
90,0,4517,4528,4508,4518,4506,4527,4510,4504,4514,4511,4493,4515,4511,4501,4496,4517,4518,4517,4510,4511
91,0,4521,4508,4523,4527,4518,4503,4528,4506,4534,4525,4507,4524,4515,4515,4515,4512,4500,4504,4525,4507
92,0,4523,4515,4523,4524,4519,4522,4520,4508,4525,4521,4514,4513,4521,4535,4524,4515,4520,4507,4505,4520
93,0,4512,4523,4522,4514,4510,4516,4525,4540,4518,4503,4540,4526,4517,4505,4498,4505,4531,4516,4517,4515
94,0,4524,4523,4538,4523,4540,4529,4524,4514,4513,4506,4521,4548,4520,4535,4533,4515,4539,4525,4530,4537
95,0,4529,4503,4516,4532,4534,4529,4503,4513,4520,4532,4507,4530,4535,4538,4505,4542,4544,4536,4520,4526
96,0,4501,4502,4537,4538,4531,4553,4523,4535,4540,4552,4501,4534,4540,4531,4550,4536,4525,4517,4536,4529
97,0,4541,4519,4549,4535,4546,4536,4525,4531,4532,4529,4537,4530,4534,4502,4534,4543,4537,4555,4543,4523
98,0,4552,4520,4532,4519,4550,4551,4535,4550,4520,4545,4555,4546,4545,4549,4548,4535,4541,4524,4561,4532
99,0,4534,4544,4542,4553,4540,4544,4545,4534,4543,4558,4538,4539,4536,4557,4561,4548,4554,4510,4551,4533
100,0,4558,4541,4547,4536,4555,4540,4545,4546,4553,4535,4542,4552,4534,4554,4551,4556,4538,4559,4561,4543
101,0,4531,4567,4541,4557,4558,4551,4560,4563,4541,4545,4561,4539,4551,4539,4566,4560,4553,4528,4542,4553
102,0,4565,4556,4545,4567,4538,4571,4560,4561,4569,4563,4554,4547,4568,4565,4560,4550,4585,4559,4563,4559
103,0,4559,4557,4594,4558,4573,4564,4551,4562,4585,4554,4567,4559,4546,4548,4555,4581,4549,4549,4555,4559
104,0,4555,4577,4586,4569,4582,4572,4580,4562,4536,4576,4569,4564,4552,4578,4604,4571,4559,4577,4567,4581
105,0,4568,4582,4556,4573,4563,4571,4562,4558,4568,4597,4573,4589,4571,4572,4560,4560,4573,4587,4577,4585
106,0,4570,4588,4579,4574,4568,4566,4594,4587,4596,4591,4587,4567,4585,4568,4579,4588,4585,4589,4591,4561
107,0,4580,4584,4571,4578,4597,4580,4586,4598,4594,4582,4570,4583,4603,4577,4579,4589,4597,4569,4578,4602
108,0,4592,4584,4611,4605,4610,4597,4590,4577,4614,4610,4612,4599,4595,4602,4604,4590,4594,4604,4591,4596
109,0,4582,4612,4614,4565,4593,4602,4599,4600,4614,4589,4617,4592,4600,4618,4605,4609,4610,4586,4615,4587
110,0,4601,4602,4590,4632,4614,4632,4605,4632,4639,4618,4605,4623,4601,4598,4605,4597,4611,4632,4616,4633
111,0,4594,4614,4616,4620,4632,4648,4615,4647,4624,4631,4610,4614,4633,4612,4635,4601,4630,4635,4617,4627
112,0,4628,4640,4632,4651,4618,4612,4649,4676,4619,4635,4627,4623,4668,4639,4645,4636,4626,4630,4633,4647
113,0,4642,4651,4635,4637,4631,4639,4643,4639,4640,4652,4636,4655,4647,4622,4615,4642,4621,4653,4668,4621
114,0,4662,4670,4642,4645,4643,4659,4661,4650,4654,4658,4640,4671,4645,4643,4652,4645,4665,4685,4665,4651
115,0,4667,4659,4665,4656,4688,4653,4676,4652,4654,4673,4688,4686,4660,4675,4662,4684,4670,4656,4674,4686
116,0,4687,4686,4677,4677,4689,4661,4674,4707,4673,4714,4694,4688,4675,4681,4680,4672,4694,4676,4701,4685
117,0,4708,4674,4722,4703,4713,4700,4684,4713,4716,4688,4704,4676,4675,4704,4688,4673,4706,4719,4706,4688
118,0,4681,4727,4732,4710,4698,4707,4685,4725,4718,4739,4737,4725,4724,4749,4730,4708,4702,4721,4753,4698
119,0,4702,4696,4746,4716,4721,4734,4746,4749,4723,4761,4754,4751,4723,4742,4743,4707,4751,4747,4753,4748
120,0,4725,4776,4711,4755,4743,4774,4758,4742,4732,4795,4774,4772,4750,4732,4791,4764,4777,4740,4742,4775
121,0,4764,4771,4760,4770,4757,4772,4770,4790,4794,4794,4770,4776,4756,4774,4751,4799,4806,4769,4792,4795
122,0,4775,4800,4808,4820,4796,4790,4824,4793,4784,4810,4784,4812,4784,4822,4807,4797,4814,4791,4799,4788
123,0,4811,4795,4791,4843,4816,4809,4839,4777,4830,4827,4798,4846,4856,4809,4834,4812,4814,4846,4819,4833
124,0,4818,4841,4816,4841,4814,4821,4833,4868,4869,4831,4843,4856,4834,4881,4816,4818,4877,4850,4829,4886
125,0,4890,4889,4886,4899,4890,4875,4892,4922,4870,4870,4878,4893,4850,4886,4889,4860,4925,4882,4904,4880
126,0,4858,4908,4931,4899,4936,4904,4936,4911,4923,4879,4916,4935,4908,4907,4944,4878,4942,4915,4929,4907
127,0,4908,4936,4934,4923,4964,4950,4921,4963,4950,4942,4912,4976,4942,4919,4955,4955,4955,4987,4984,4970
128,0,4943,4951,4985,4980,5023,5011,5021,5034,4999,5009,5011,5053,5030,5019,5024,4999,5013,5012,5025,5020
129,0,4990,5034,5067,5072,5062,5066,5057,5044,5041,5062,5023,5030,5036,5070,5073,5084,5021,5062,5055,5085
130,0,5042,5060,5109,5128,5132,5104,5106,5120,5066,5104,5070,5061,5106,5129,5120,5091,5067,5051,5082,5084
131,0,5059,5121,5102,5126,5090,5117,5101,5134,5131,5105,5183,5131,5155,5114,5159,5148,5165,5158,5128,5115
132,0,5100,5179,5196,5208,5157,5170,5193,5205,5149,5151,5215,5194,5221,5241,5171,5174,5180,5199,5180,5200
133,0,5188,5211,5234,5268,5254,5229,5231,5230,5240,5228,5260,5258,5255,5258,5239,5280,5222,5250,5256,5250
134,0,5218,5304,5278,5312,5309,5272,5261,5287,5330,5341,5368,5307,5270,5314,5296,5316,5317,5311,5337,5305
135,0,5315,5354,5330,5327,5365,5305,5344,5380,5335,5356,5380,5417,5368,5366,5403,5368,5370,5405,5345,5388
136,0,5353,5345,5393,5431,5376,5388,5412,5418,5404,5428,5398,5447,5392,5454,5429,5404,5419,5436,5384,5425
137,0,5411,5438,5480,5422,5441,5517,5499,5468,5455,5506,5485,5464,5489,5440,5500,5528,5433,5467,5476,5516
138,0,5555,5515,5516,5529,5525,5548,5535,5558,5571,5559,5515,5561,5606,5567,5532,5559,5573,5526,5496,5555
139,0,5552,5603,5580,5590,5648,5588,5620,5602,5601,5620,5627,5645,5652,5643,5623,5642,5651,5634,5619,5588
140,0,5563,5644,5628,5647,5644,5746,5722,5669,5739,5663,5718,5656,5659,5665,5728,5689,5653,5648,5767,5732
141,0,5622,5761,5795,5791,5866,5770,5732,5819,5723,5754,5732,5802,5779,5781,5799,5773,5764,5776,5759,5769
142,0,5787,5772,5778,5827,5823,5817,5815,5873,5849,5809,5853,5818,5863,5840,5875,5837,5853,5872,5803,5808
143,0,5837,5883,5857,5918,5877,5919,5877,5916,5882,5855,5862,5866,5915,5955,5984,5961,5990,5914,6002,5928
144,0,5838,5967,5994,5967,5944,5999,5942,5977,5982,5930,5971,5958,5928,6031,6004,6033,6052,6002,5968,5997
145,0,6011,6031,6049,6094,6084,6036,6028,6060,6078,6064,6090,6087,6044,6109,6072,6075,6083,6056,6079,6096
146,0,6068,6119,6125,6160,6104,6159,6164,6188,6174,6205,6155,6158,6154,6124,6153,6181,6145,6170,6206,6168
147,0,6182,6209,6313,6205,6305,6232,6270,6281,6234,6259,6216,6229,6300,6260,6213,6237,6250,6237,6230,6288
148,0,6248,6357,6293,6326,6288,6363,6271,6339,6321,6326,6370,6314,6335,6296,6361,6330,6396,6301,6415,6340
149,0,6356,6398,6398,6470,6409,6403,6387,6359,6452,6425,6433,6400,6457,6419,6463,6401,6434,6441,6475,6399
150,0,6422,6470,6459,6498,6531,6461,6501,6511,6596,6475,6453,6465,6493,6441,6536,6465,6531,6490,6517,6524
151,0,6542,6589,6526,6532,6617,6593,6597,6641,6596,6564,6564,6616,6615,6570,6580,6556,6533,6575,6549,6519
152,0,6589,6661,6659,6627,6664,6634,6653,6652,6658,6642,6650,6683,6632,6668,6686,6689,6668,6722,6661,6685
153,0,6721,6736,6690,6680,6660,6778,6699,6796,6728,6755,6841,6721,6752,6755,6732,6830,6776,6684,6744,6769
154,0,6804,6896,6885,6847,6849,6892,6924,6883,6836,6883,6911,6795,6833,6879,6947,6913,6943,6856,6842,6879
155,0,6816,6909,6965,6980,6900,6911,7091,7035,6979,6916,6964,6944,6930,7014,6931,6940,7003,7008,6998,7038
156,0,6987,6983,7078,6989,7019,7005,7116,6995,6979,7066,7020,7001,7100,7022,7033,7047,6979,7011,7022,7043
157,0,7063,7138,7109,7072,7102,7129,7177,7173,7153,7128,7104,7104,7106,7139,7190,7155,7135,7154,7157,7168
158,0,7140,7178,7250,7215,7162,7227,7288,7311,7257,7212,7228,7213,7230,7226,7251,7201,7195,7233,7316,7295
159,0,7272,7230,7250,7379,7309,7225,7353,7307,7268,7420,7340,7362,7284,7388,7301,7318,7314,7331,7298,7380
160,0,7412,7430,7523,7427,7534,7469,7439,7439,7522,7441,7411,7478,7532,7439,7514,7509,7454,7427,7435,7465
161,0,7519,7507,7537,7580,7615,7508,7639,7617,7609,7597,7632,7593,7699,7649,7618,7567,7669,7606,7637,7582
162,0,7535,7634,7668,7689,7766,7714,7709,7626,7702,7693,7677,7757,7652,7675,7702,7716,7790,7707,7709,7793
163,0,7674,7756,7739,7772,7861,7769,7796,7797,7787,7847,7751,7830,7726,7801,7820,7884,7834,7800,7774,7842
164,0,7893,7838,7846,7898,7879,7923,7875,7886,7840,7813,7897,7941,7837,7896,7886,7863,7891,7859,7927,7927
165,0,7972,7929,8007,7906,8019,7925,8056,8015,8042,8013,8102,8036,8044,7973,8047,8137,8026,7962,8016,7956
166,0,8064,8029,8140,8118,8110,8177,8127,8070,8115,8044,8125,8189,8089,8187,8166,8122,8109,8163,8092,8089
167,0,8036,8250,8283,8248,8108,8197,8269,8298,8234,8302,8242,8263,8217,8275,8228,8261,8276,8269,8191,8254
168,0,8213,8360,8331,8356,8413,8341,8331,8321,8364,8313,8349,8344,8359,8312,8363,8288,8271,8283,8327,8370
169,0,8342,8349,8462,8442,8481,8457,8454,8399,8496,8458,8435,8447,8473,8454,8417,8497,8520,8506,8456,8435
170,0,8466,8612,8608,8673,8577,8717,8551,8637,8691,8616,8669,8592,8638,8638,8514,8593,8590,8661,8554,8675
171,0,8569,8722,8766,8678,8656,8654,8832,8737,8686,8773,8722,8797,8639,8815,8805,8729,8739,8739,8725,8744
172,0,8619,8810,8838,8869,8793,8808,8772,8862,8867,8853,8857,8915,8874,8815,8843,8770,8816,8811,8875,8824
173,0,8843,8884,8875,8981,9035,8886,9002,8943,9010,9030,8942,8922,8934,8959,9028,9012,9014,9051,9025,9008
174,0,9073,9221,9161,9137,9181,9186,9188,9146,9157,9045,9143,9115,9110,9216,9152,9239,9123,9224,9202,9178
175,0,9242,9258,9359,9223,9374,9312,9254,9428,9339,9382,9312,9303,9355,9329,9296,9262,9326,9313,9294,9261
176,0,9302,9421,9367,9493,9381,9498,9507,9405,9478,9463,9467,9412,9443,9425,9481,9490,9493,9406,9495,9429
177,0,9418,9660,9535,9628,9636,9705,9747,9632,9674,9643,9573,9607,9665,9673,9623,9714,9730,9623,9720,9596
178,0,9555,9885,9793,9803,9963,9839,9845,9873,9922,9942,9873,10000,9863,9901,9932,9805,9826,9730,9779,9964
179,0,9824,9944,10065,10024,10089,10013,9983,9996,10007,9956,9993,10008,10002,10068,10031,10001,10008,10045,10081,10026
180,0,10004,10151,10199,10079,10139,10232,10205,10168,10199,10268,10241,10161,10170,10060,10152,10280,10276,10236,10233,10093
181,0,10185,10353,10345,10315,10401,10412,10348,10374,10394,10305,10420,10408,10446,10311,10400,10396,10465,10429,10386,10309
182,0,10450,10469,10528,10467,10527,10595,10605,10551,10607,10531,10578,10586,10559,10640,10552,10632,10602,10696,10613,10493
183,0,10593,10710,10787,10794,10924,10787,10799,10789,10811,10809,10826,10725,10841,10851,10868,10917,10903,10728,10823,10927
184,0,10735,10916,10996,10972,10921,10987,11009,10984,10959,10947,10997,11048,10950,10979,11013,10994,11019,10989,11030,10967
185,0,10948,11144,11198,11049,11045,11175,11092,11168,11223,11204,11192,11150,11201,11197,11239,11189,11168,11273,11206,11289
186,0,11235,11272,11434,11375,11359,11334,11397,11509,11471,11447,11493,11434,11474,11443,11592,11520,11426,11422,11495,11419
187,0,11469,11680,11718,11662,11699,11691,11772,11791,11766,11737,11734,11677,11760,11642,11642,11640,11774,11831,11697,11742
188,0,11726,11833,11906,11920,11926,11918,11972,11954,11927,11895,11792,11826,12027,11941,11928,11967,11989,11924,11936,11966
189,0,11916,12059,12062,12036,12233,12208,12132,12193,12227,12130,12060,12104,12150,12086,12121,12167,12184,12169,12109,12205
190,0,12192,12422,12391,12350,12460,12491,12389,12381,12442,12316,12346,12423,12447,12565,12428,12403,12422,12401,12478,12445
191,0,12403,12659,12615,12776,12680,12744,12757,12606,12635,12686,12809,12717,12703,12639,12740,12741,12723,12771,12615,12826
192,0,13067,13109,13260,13196,13295,13123,13163,13221,13219,13196,13241,13226,13163,13273,13239,13349,13354,13328,13366,13195
193,0,13229,13662,13606,13575,13585,13502,13586,13509,13413,13682,13503,13725,13498,13577,13534,13635,13623,13661,13563,13570
194,0,13661,13735,14055,13835,13988,13891,13938,13964,13834,13852,13980,13888,13936,13923,13883,13977,13801,13900,13990,13842
195,0,13947,14178,14077,14175,14208,14188,14188,14148,14170,14377,14315,14213,14132,14282,14194,14238,14304,14298,14236,14122
196,0,13909,14455,14462,14406,14361,14434,14415,14548,14456,14559,14459,14420,14538,14452,14464,14435,14515,14373,14472,14459
197,0,14486,14658,14671,14780,14745,14837,14737,14699,14724,14730,14882,14680,14884,14768,14822,14883,14826,14923,14799,14857
198,0,15000,15050,15161,15182,15138,15032,15161,15152,15238,15170,15123,15121,15217,15174,15098,15070,15207,15162,15204,15131
199,0,15215,15272,15421,15457,15493,15475,15521,15344,15487,15441,15625,15426,15483,15590,15196,15444,15370,15529,15498,15521
200,0,15468,15588,15657,15686,15618,15865,15627,15601,15722,15704,15755,15655,15629,15627,15744,15773,15650,15745,15852,15819
201,0,15744,15955,16039,15998,16079,16005,15983,15949,16093,16051,15957,16113,16086,16140,15983,15972,16200,16071,16141,16000
202,0,16111,16379,16385,16243,16347,16370,16429,16367,16359,16448,16479,16416,16468,16424,16417,16434,16406,16425,16464,16407
203,0,16572,16625,16611,16642,16688,16993,16894,16728,16835,16772,16654,16803,16639,16773,16823,16798,16809,16706,16845,16751
204,0,16789,17062,16871,16897,17170,17125,17005,16946,17078,17236,17086,16963,16982,17167,17148,17207,17028,17068,17055,17233
205,0,17100,17399,17589,17374,17408,17368,17469,17363,17373,17387,17462,17440,17415,17447,17435,17335,17482,17498,17377,17453
206,0,17633,17683,17868,17850,17749,17783,17818,17800,17817,18086,17767,17904,17876,17849,17800,17892,17842,17810,17875,17844
207,0,17941,18112,18122,18185,18272,18201,18278,18300,18215,18253,18302,18086,18349,18432,18247,18176,18171,18331,18229,18217
208,0,18244,18402,18552,18500,18646,18490,18603,18535,18595,18386,18711,18682,18610,18496,18695,18553,18641,18544,18538,18708
209,0,18557,18951,19001,18886,18926,18907,19041,18965,18861,19079,18899,18814,19035,19008,19090,19006,18876,19080,19156,18954
210,0,18950,19305,19419,19258,19350,19446,19306,19449,19356,19465,19706,19365,19375,19351,19399,19449,19549,19532,19439,19430
211,0,19386,19617,19579,19721,19665,19750,19716,19764,19879,19697,19628,19925,19693,19922,19994,19806,19810,19922,20060,19826
212,0,19793,19898,20054,20122,20130,20076,20149,20073,20265,20288,20117,20115,20144,20021,20285,20148,20106,20231,20258,20040
213,0,20199,20662,20498,20653,20679,20820,20658,20569,20614,20619,20592,20659,20628,20704,20668,20693,20810,20779,20610,20678
214,0,20785,21008,20916,20951,21160,21037,21064,21183,21186,21190,21055,21325,21060,21185,20986,21057,21133,21161,21236,21112
215,0,21151,21479,21301,21642,21403,21616,21601,21565,21495,21771,21221,21521,21504,21633,21595,21577,21599,21439,21610,21572
216,0,21556,21757,21941,21801,21875,21876,21838,21989,21917,21854,22020,21816,21913,21930,21915,21870,21813,22044,21924,22002
217,0,22004,22553,22256,22293,22428,22394,22350,22479,22532,22279,22395,22373,22526,22360,22425,22393,22537,22460,22506,22395
218,0,22475,22665,22718,22802,22882,22873,22801,23073,22935,23055,23162,22998,22964,22935,22845,23001,22913,22998,22943,22895
219,0,23024,23228,23445,23536,23443,23322,23383,23435,23391,23414,23438,23654,23523,23393,23461,23507,23494,23578,23601,23373
220,0,23161,23598,23634,23769,23903,23911,23998,23897,23877,24029,23904,23962,23876,24089,23960,24060,23884,24043,24025,23868
221,0,24125,24433,24339,24334,24268,24131,24386,24407,24259,24507,24315,24385,24400,24512,24254,24478,24555,24359,24500,24519
222,0,24564,24764,25073,24900,24845,25064,25103,24707,25076,24912,24965,24952,24835,25114,24860,25134,25031,24981,25085,25143
223,0,25098,25456,25372,25402,25442,25511,25639,25561,25536,25484,25688,25588,25545,25629,25731,25537,25330,25484,25580,25774
224,0,25881,26484,26273,26400,26621,26434,26491,26380,26391,26857,26584,26645,26589,26339,26469,26563,26436,26669,26565,26714
225,0,26870,26968,27024,27257,27086,26933,27226,27166,27007,26946,27125,27130,27154,27256,27143,27185,27244,27209,27154,27003
226,0,27392,27719,27738,27756,27768,27709,27760,27652,27920,27613,27697,27657,27856,27770,27850,27897,27975,28059,28093,27911
227,0,28109,28422,28244,28637,28239,28448,28452,28412,28719,28600,28469,28593,28582,28315,28452,28351,28436,28414,28673,28567
228,0,28790,29019,29086,29151,29221,29039,29101,29232,29109,29223,29103,29204,29293,28995,29127,29208,29193,29400,29162,29016
229,0,29382,29898,29947,29414,30026,29970,30029,29753,30150,30036,30134,30166,29762,29904,30170,29989,30241,30123,29699,30153
230,0,30353,30758,30760,30522,30690,30886,30899,30996,30805,30953,30831,30639,30987,30905,30922,30796,30820,30771,30687,31129
231,0,31287,31441,31266,31892,31621,31745,31741,31546,31450,31700,31729,31707,31545,31900,31709,31859,31830,31712,31849,31790
232,0,31580,32466,32174,32247,32693,32360,32187,32341,32719,32236,32439,32161,32493,32759,32341,32565,32330,32389,32511,32313
233,0,32671,33015,32762,33104,33145,33491,33054,33459,33306,33260,33509,33367,33467,33194,33443,33224,33497,33257,33271,33301
234,0,33593,33916,34364,33987,34284,34197,34376,34035,34343,34193,34245,34022,34210,34269,34579,34136,34788,34297,34162,34173
235,0,34484,35076,35167,35372,35155,35089,35464,35554,35323,35147,35336,35219,35377,35445,35153,35565,35685,35406,35462,35492
236,0,35428,36063,36135,35985,36184,35968,35983,36393,36382,36241,36478,36322,36327,36644,36216,36117,35916,36167,36548,36666
237,0,36430,37117,37140,37279,37476,37541,37570,37481,37462,36925,37247,37409,37196,37504,37461,37270,37757,37302,37117,37239
238,0,37928,38183,38435,38335,38573,38845,38690,38434,38786,38443,38701,38239,38542,38772,38464,38542,38879,39004,38787,38704
239,0,38946,39871,39931,39800,40269,39666,39901,40023,40212,40617,39836,40380,40018,39828,39888,39716,39764,40165,40539,40080
240,0,40179,40802,41111,41019,41056,40976,41252,41078,41310,41403,41963,40999,41429,41399,41304,41240,41230,41326,41728,41175
241,0,41960,42181,43219,42619,42513,42799,42827,42959,43139,43206,42902,42903,43066,43083,43157,42934,43484,42599,43350,43099
242,0,43344,44270,44660,45171,44739,44408,44575,44456,44591,45072,45370,45138,45009,45412,44318,45573,45121,44974,45165,45124
243,0,45764,46944,47053,46549,46883,46666,47130,47319,47392,46904,47058,47229,47899,46993,47207,46911,47110,47262,47395,47387
244,0,47278,48710,49106,49446,49500,49397,49675,48942,49546,49330,49659,48885,49563,48969,49476,49520,49581,49159,49278,49437
245,0,49648,51649,52038,51668,51583,52257,52175,52159,52114,52333,52586,52351,52474,52363,52281,52618,52186,52474,53250,53463
246,0,52817,55114,55300,55606,55960,55723,55561,55739,55010,55964,55564,55501,55875,56261,55752,55447,55622,55101,56123,56436
247,0,56812,58676,59227,59432,58942,58840,59071,60292,60324,59731,58885,60049,59994,59539,60391,60157,59671,60205,60771,60699
248,0,59750,61964,62640,62776,62444,62922,62716,62644,61866,62923,62991,62888,63345,63388,63853,63213,63028,63053,63434,64675
249,0,63685,66863,66648,66624,68057,67870,67684,67561,67594,66303,68289,67037,67984,67542,67959,68176,67494,67891,69212,67231
250,0,68244,72144,72447,72170,72807,72641,73320,72884,73252,72809,73247,73569,72490,73276,72548,72625,72433,72214,72757,73231
251,0,74033,76943,77125,76576,77091,78769,77197,77600,77077,78096,77299,77548,77140,78426,77471,77611,78271,78924,78787,78307
252,0,78559,81238,82120,81350,81551,83431,81347,81870,81878,81458,80987,82779,81748,82243,81385,81575,82186,80612,82468,82085
253,0,83591,85164,86279,86672,87151,86605,87169,86719,87472,86871,87526,87242,87558,87381,88034,88589,87274,87342,88230,87548
254,0,89400,91615,93038,93138,92260,92579,93129,93091,93249,93995,93515,93669,93782,92048,92279,93686,93343,94816,92885,92777
255,0,94264,96991,98437,99422,98848,97750,98368,99891,99065,98764,98750,97007,98407,99016,98366,98838,99728,98987,99981,99624
256,0,109016,112265,111084,112170,112481,111609,111885,111932,113080,114067,111923,111229,111669,112429,111238,112924,113042,113238,113194,112499
257,0,113912,117755,118722,116758,119984,119170,119944,118663,118761,118243,119474,118380,118008,119218,117984,119093,118271,119559,119416,119230
258,0,120623,125177,124563,124467,123498,126625,126164,125651,125876,125116,126262,125871,126084,126077,125570,127475,125541,126911,127020,127188
259,0,126271,130278,130622,130626,131780,131459,130709,131931,132616,132361,131374,132254,131154,130618,133454,132791,131128,131300,133205,132652
260,0,132830,136320,135246,137715,137640,137827,136882,138284,138948,138177,138149,138505,137740,138149,138610,138392,139127,138980,138086,137453
261,0,137896,143171,143897,142437,142811,143528,143389,144730,144648,143759,144507,144219,144108,145535,144554,144601,145336,145159,145195,144875
262,0,146822,148401,151068,149861,149990,151671,150659,150703,152587,151165,150724,150817,151098,150110,152258,150992,150215,150727,150303,151774
263,0,151099,153175,155908,156009,155509,156098,156524,155925,155310,155425,156523,155629,156497,155642,155273,156490,157503,155994,155839,155857
264,0,157130,159633,159668,161688,161555,161063,160164,161160,162787,159239,161235,159495,160546,159874,161048,159282,160336,159985,161345,159345
265,0,161576,163657,164195,163545,164822,164827,164810,164371,165491,165494,165258,164607,164943,165028,165197,164924,165782,166048,164211,164364
266,0,166649,166694,168798,168269,167781,170051,168936,167163,168487,169605,168154,168913,169864,169198,169214,168565,168448,167667,169475,168883
267,0,168860,171251,170780,170673,170896,172314,172183,171291,170995,171341,171752,171932,171927,172582,172945,172121,172491,171891,171998,170846
268,0,172752,173255,173256,173225,173328,173849,174451,173709,173493,174672,174299,174052,173517,173828,174520,173831,174318,174654,174497,174132
269,0,174833,176678,176230,176348,175904,177014,177190,176332,177437,177183,177106,177258,176751,176609,176822,176654,176378,176527,177033,176588
270,0,177718,178887,178459,178747,179351,178808,179052,178891,178359,178844,179769,179229,179497,179431,179763,178030,178781,179415,179971,179988
271,0,180478,181564,182009,182343,180885,180938,180510,181282,182185,181488,181985,180986,181441,181886,180326,181674,182167,181918,181507,182017
272,0,180945,182777,183916,182932,183574,183292,183478,183504,183880,183073,183388,183871,184546,184475,182984,183993,183168,183787,184015,184035
273,0,184320,185144,184659,184879,185369,185444,185656,184356,184906,186235,185880,185407,184849,185086,185348,185619,185994,185383,186100,184680
274,0,186384,187127,187235,186886,186839,186706,187420,187587,186557,187681,187348,187509,187839,187741,187368,187895,186967,186999,188050,187279
275,0,187015,188623,188689,188435,188966,188607,189065,188101,188071,189028,189026,188782,188513,188940,189940,188233,188874,189400,188839,189005
276,0,188688,188994,189346,189053,190138,189752,189074,189404,190000,189615,190406,190128,189859,189536,190114,189564,189800,189342,190128,189548
277,0,190345,190979,190650,190621,191090,191378,190906,190720,190635,191075,190920,190952,190954,190725,191027,191369,191041,191051,190939,190927
278,0,191171,191484,191605,191540,191447,191373,192084,191438,191876,191809,191523,192127,191634,192046,191882,191357,191496,191316,191926,191805
279,0,191203,191784,192073,191659,192272,191859,191777,192354,192745,192430,192254,191855,191760,192080,192612,192020,191738,192054,192196,192536
280,0,191971,192027,192083,192237,192968,192388,192060,192062,191900,192455,191757,192444,192189,191601,192681,192651,192416,192787,192467,192596
281,0,191777,192438,192338,192444,192213,192403,192822,192156,192797,192150,192994,191864,192781,192019,192615,192305,192397,192365,192359,192352
282,0,192709,192392,192227,192112,192357,192663,192317,192355,192806,192464,192367,192650,192116,192219,192559,192707,192588,192309,191998,192999
283,0,192334,192218,192222,192318,192537,191893,192712,192286,192326,192253,192221,192100,192344,192373,192120,192292,192487,192571,192555,192434
284,0,192261,191990,192725,192354,191912,191913,192547,192049,192429,191831,191552,191729,191946,192555,192001,192520,191848,191951,191769,192380
285,0,191738,191962,192021,191993,191736,191948,191804,191702,192174,191784,191527,191926,191736,191971,192126,192151,191863,191792,191640,191980
286,0,192188,191839,191816,191617,191646,191796,191831,192014,191590,191697,191410,191332,191602,191556,191680,191630,191806,191546,191597,191553
287,0,191833,191250,191293,191393,191255,191484,191502,190985,191677,191474,191068,191484,191042,191377,191227,191454,191762,191396,191328,191748
288,0,191204,191160,191187,191285,191447,191138,191189,190938,191298,191523,191076,191222,191154,191154,191220,191066,191248,190877,191420,190923
289,0,191112,191002,191092,191219,190856,191114,191231,191050,191161,191098,190934,191076,190948,191006,190825,190936,191063,191375,190801,191176
290,0,190878,190640,190988,190576,190996,190568,190762,190514,190713,190725,190702,190775,190910,190401,190386,190786,190467,190770,190743,190560
291,0,190867,190824,190589,190469,190157,190318,190485,190500,190799,190328,190526,190511,190335,190018,190074,190092,190583,190659,190488,190391
292,0,190649,190391,190108,190170,190177,190455,190508,190157,189866,189999,190049,189860,190266,190148,189717,190344,189922,190189,189901,190116
293,0,190218,190152,189523,189664,189790,189830,189795,189955,189976,189648,189422,189571,189804,189624,189628,190004,189461,189691,189693,189748
294,0,189652,189246,189317,189008,189108,189487,189547,189456,189385,189237,189459,189446,189328,189302,189115,189490,189561,189284,189369,189625
295,0,189659,188923,188833,188961,189146,188878,189225,189077,189138,189005,189337,188923,188980,189036,188902,189063,189054,189107,189005,189056
296,0,188783,188710,188635,188574,188670,189117,188789,188889,188797,188815,188708,188972,188790,188536,188796,188778,189138,188966,189022,188737
297,0,188671,188738,188596,188562,188647,188630,188329,188427,188424,188688,188478,188418,188457,188583,188625,188243,188402,188261,188505,188505
298,0,188582,188503,188523,188484,188348,188265,188353,188523,188440,188253,188280,188297,188263,188328,188393,188431,188184,188517,188188,188191
299,0,188379,188279,188104,188139,188143,188165,188148,188164,188018,188187,188046,188392,188121,188708,187911,188268,187910,188166,188345,188011
300,0,188195,188129,187900,188070,187971,187982,187977,187932,187862,188047,187935,188030,188065,187753,187968,187761,187856,187888,187626,187635
301,0,187960,187964,187729,187857,187762,187822,187735,187905,187556,187853,188042,187923,187933,187554,187946,187723,187826,187956,187608,187850
302,0,187692,187475,187672,187406,187491,187605,187211,187500,187339,187359,187690,187518,187486,187522,187190,187551,187495,187428,187451,187429
303,0,187368,187361,187244,187278,187187,187403,187297,187206,187292,187200,187405,187251,187324,187208,187173,187269,187323,187271,187172,187240
304,0,187204,187105,187057,186934,187130,186845,187112,186955,186920,186898,187037,187149,187029,186965,187135,186962,186990,186832,187149,187037
305,0,187034,186624,186667,186716,186688,186717,186653,186560,186623,186632,186578,186604,186630,186525,186412,186566,186702,186665,186563,186692
306,0,186354,186347,186120,186336,186386,186286,186211,186272,186320,186105,186447,186341,186099,186334,186268,186401,186202,186190,186376,186390
307,0,186086,186007,185938,185840,185810,185869,185919,185789,185910,185925,185974,186004,185748,185901,185916,185753,185860,185859,185910,185732
308,0,185752,185499,185661,185593,185474,185645,185467,185295,185518,185649,185564,185452,185458,185464,185600,185563,185506,185511,185616,185388
309,0,185514,185184,185105,185336,185107,185197,185034,185023,185199,184905,185153,185262,185044,185029,185137,185219,185071,184878,185122,185048
310,0,184905,184700,184707,184731,184600,184775,184665,184630,184652,184565,184516,184670,184595,184629,184489,184411,184645,184689,184639,184448
311,0,184652,184316,184235,184241,184222,184163,184241,184225,184123,184195,184247,184151,184123,183906,184149,183990,184374,184212,184052,184187
312,0,184183,183952,183816,183871,183945,183980,183783,183972,183931,183877,183865,183922,183905,183682,183953,183762,183796,183779,183768,183828
313,0,183689,183562,183465,183352,183473,183473,183558,183371,183452,183669,183436,183336,183573,183340,183531,183356,183383,183494,183393,183425
314,0,183441,183086,183097,182989,183113,183134,183089,183122,183125,182952,183111,183090,183119,183047,183096,183129,182932,183000,183081,183062
315,0,182988,182813,182788,182687,182714,182756,182631,182571,182693,182429,182697,182765,182715,182612,182704,182612,182581,182518,182587,182746
316,0,182558,182426,182447,182373,182412,182383,182212,182380,182397,182382,182319,182295,182252,182376,182328,182251,182192,182380,182289,182375
317,0,182330,182142,181930,181983,181990,181992,181946,181776,181973,181959,181905,181944,181953,181913,181932,181906,182052,181969,181954,182035
318,0,181850,181523,181671,181764,181537,181608,181605,181580,181651,181487,181465,181502,181545,181356,181549,181534,181535,181563,181436,181545
319,0,181442,181237,181165,181188,181062,181074,181135,181155,181143,181215,181096,181150,181126,181197,181140,181196,181210,181157,181031,181106
320,0,180576,180443,180446,180378,180396,180361,180343,180265,180372,180408,180238,180367,180381,180382,180340,180330,180404,180393,180367,180339
321,0,180323,179950,179996,180025,180050,180015,179966,179907,180105,179944,179790,179914,180043,179829,179780,179832,179943,179987,179902,179966
322,0,179865,179557,179629,179525,179503,179560,179553,179502,179470,179420,179463,179626,179556,179412,179417,179534,179557,179482,179509,179556
323,0,179367,179270,179164,179111,179164,179072,179037,179071,179045,179122,179086,179019,179063,179099,179092,179086,178995,179045,179042,179122
324,0,178978,178955,178771,178777,178731,178734,178774,178803,178783,178753,178660,178749,178775,178691,178742,178858,178762,178666,178821,178793
325,0,178662,178406,178462,178407,178416,178378,178247,178365,178447,178368,178436,178323,178319,178388,178385,178354,178376,178416,178291,178287
326,0,178263,178072,177991,177849,177922,177911,177914,177819,177945,177900,177815,177885,177782,177830,177818,177775,177825,177667,177816,177894
327,0,177670,177432,177499,177341,177391,177336,177270,177296,177182,177332,177282,177420,177281,177376,177451,177399,177400,177190,177419,177263
328,0,177249,177007,176861,176939,176852,176843,176792,176766,176735,176809,176654,176755,176841,176686,176698,176834,176795,176804,176713,176745
329,0,176638,176059,175962,175851,176157,175964,176128,176041,176011,176084,175914,176072,176028,176141,176131,175786,175910,175986,176072,175924
330,0,175698,175155,175176,175138,175153,175248,174928,174989,175110,175151,175150,175130,175021,175192,175134,175088,174937,175033,175296,175290
331,0,174744,174531,174448,174178,174165,174180,174233,174253,174179,174250,174272,174186,174079,174311,174059,174165,174217,174281,174031,173936
332,0,173989,173710,173457,173412,173386,173452,173338,173442,173142,172939,173140,173129,173028,173212,173008,173147,172951,173190,173128,173268
333,0,173120,172430,172355,171860,171964,171869,172101,171966,172309,172250,172187,172455,172311,172164,172017,172441,172315,172310,171990,172315
334,0,171661,171154,171085,170942,171120,170966,170514,170698,170570,170425,170631,170627,170661,170549,170518,170594,170609,170437,170587,170533
335,0,170094,169456,169450,169379,169261,169708,169365,169257,169362,169411,169245,169091,169404,169528,169360,169544,169354,169489,169248,169468
336,0,168753,167776,167789,168015,167719,167684,167561,167871,167780,167640,167998,167727,167548,167385,167674,167876,167719,167758,167482,167577
337,0,166851,165919,166168,166148,165898,165990,166228,166281,166228,166524,166117,166266,166220,166106,166272,166005,165888,165887,165951,166176
338,0,165226,164265,164424,164499,164492,164583,164419,164281,164370,164357,164106,164661,164486,164092,164230,164392,164322,164331,163992,163708
339,0,163481,162829,162715,162297,162116,162327,162303,162134,162255,162065,161859,161717,161386,161902,161801,161762,162088,161723,162239,162226
340,0,162411,161052,161104,161134,160942,160757,160881,160449,161003,160674,160465,160556,160918,160770,160686,160452,160351,160107,160246,160118
341,0,159633,158473,158037,158282,158085,158421,158060,157955,158100,158071,157792,157904,157938,158108,158052,158025,158145,157826,158100,158351
342,0,157263,156262,156012,155874,155818,155839,155600,155393,155413,155446,155567,155220,155052,155288,155261,155469,155200,155011,155226,155307
343,0,154361,153599,153135,153028,152928,152846,152564,152784,152643,153021,152561,152773,152794,152260,152819,152576,152343,152430,152320,152559
344,0,152171,150929,150631,150355,149944,150357,149982,150089,150283,149978,150197,149891,149821,150134,150211,149693,149738,149978,149897,149840
345,0,149027,147302,146978,146593,146983,146460,146492,146529,146655,146641,146613,146545,146580,146457,146474,146243,146558,146480,146573,146556
346,0,144808,144205,143288,143019,142994,142783,142521,142713,142708,142662,142347,142591,142437,142564,142523,142637,142474,142690,142845,142644
347,0,141121,139527,138949,138834,139168,138840,138834,138954,138302,138494,138631,138615,138645,138917,138839,138516,138621,138537,138806,138784
348,0,137513,136318,135905,135532,135629,135732,134962,135061,135272,135387,135054,135645,135256,135159,135240,135768,135408,135149,135157,134936
349,0,134041,132403,132454,132113,132185,131899,131886,131482,131339,131460,131572,131588,130736,131342,130960,131111,131376,131092,131225,131276
350,0,129485,128368,127779,128099,127946,127827,127776,127392,127506,127179,127285,127757,127207,127751,127513,127847,127444,127393,127340,127135
351,0,126555,124670,124808,124047,124022,124069,124102,123895,123936,123910,124002,123728,124034,123705,123681,123761,123497,123593,123712,123565
352,0,120235,118872,118296,118331,118238,118126,117932,117834,117749,118269,118278,118252,118040,118177,118052,117997,117965,118359,117988,118031
353,0,116749,114893,114978,114906,114489,114536,114692,114953,114880,114943,114723,114517,114829,114041,114635,114420,114274,114726,114876,114810
354,0,113081,111518,111672,111188,111152,111048,110689,110944,111198,110768,110675,110747,110843,111012,110553,110829,110703,110773,110695,110858
355,0,109119,107583,107327,107643,107271,107273,107509,107031,107398,107142,107011,107332,107318,107042,107069,107041,107133,106835,107017,106588
356,0,105876,104404,103935,103916,103615,103893,103598,103446,103603,103853,103177,103796,103877,102887,103688,103346,102979,103510,103665,103671
357,0,101679,100309,99956,99141,99695,99333,99502,99477,99431,99076,98922,99350,99118,99352,98709,98981,99585,99244,98926,98878
358,0,96569,94300,93833,94015,93316,93429,93768,93071,92717,92499,92438,93099,93399,93369,93127,92854,93051,93391,93077,93224
359,0,90456,88099,87539,87384,87064,86718,86939,86569,86928,87247,86786,87299,86808,86701,87104,86979,87133,86871,87358,87097
360,0,84890,82644,81705,81822,81892,81496,81660,81353,81606,81266,81079,81188,81584,81342,81401,81698,81432,80861,81447,81170
361,0,77156,74770,74510,74638,74501,74120,73803,74123,74322,73895,74115,74249,73627,73789,73198,73999,73164,72866,72902,73514
362,0,69913,66382,65534,65585,64647,65131,64558,65247,65387,63961,64737,64347,64584,64716,64556,64394,64418,63633,64083,64814
363,0,61077,57976,57310,57335,56873,56359,56386,56070,56671,56112,56917,56668,56134,55891,56635,56630,55742,55820,55922,56126
364,0,53173,50717,50119,50243,50019,49509,49926,50051,49360,49472,49383,49352,49286,49384,50115,49554,49796,49063,49129,49621
365,0,45422,42505,42505,42254,42178,42144,41335,42005,41784,41909,41771,42043,42058,41980,41595,41424,41003,41641,41089,41725
366,0,37523,35056,34263,34188,34240,34232,34054,34036,34121,33886,34243,34121,34195,33742,33838,33946,33861,33610,33583,34084
367,0,30563,28201,27861,27528,27240,27642,27456,27354,27751,27138,27671,27581,27714,27330,27268,27408,27266,27058,27417,26828
368,0,25333,22672,22461,22548,22263,22130,22045,22300,21936,22236,22221,22254,22297,21908,21784,21973,22112,21988,22134,21872
369,0,19802,18013,17984,17628,17280,17411,17631,17288,17192,17290,17081,17380,17194,17141,17171,17348,17630,17334,16933,17158
370,0,14703,13185,13043,12979,13010,12957,12680,13092,13020,12916,12989,12790,12730,12488,12640,12809,12859,12984,12669,12854
371,0,10763,9898,9797,9688,9819,9690,9477,9508,9619,9730,9236,9459,9339,9554,9579,9237,9396,9375,9530,9294
372,0,8646,7435,7452,7354,7356,7352,7288,7105,7272,7379,7144,7138,7085,7177,7411,7473,6965,7215,7218,7226
373,0,6209,5534,5494,5379,5375,5196,5430,5318,5338,5258,5344,5339,5268,5231,5339,5194,5461,5238,5294,5343
374,0,4539,4050,3810,3675,3790,3784,3777,3675,3672,3789,3721,3689,3586,3690,3758,3627,3703,3629,3624,3637
375,0,3154,2794,2748,2626,2667,2690,2636,2753,2639,2743,2660,2675,2709,2681,2597,2712,2610,2694,2688,2616
376,0,2425,2097,2045,2107,2085,2104,2027,2087,2032,2011,2034,1965,2057,2119,2031,2137,2045,1984,1963,1959
377,0,1636,1508,1525,1483,1434,1400,1487,1460,1479,1480,1404,1347,1378,1534,1418,1426,1404,1426,1436,1412
378,0,1245,1106,1037,1008,1041,1016,1085,1048,1014,1050,1035,1077,1032,988,995,1005,1023,1027,1074,1046
379,0,916,835,798,779,819,732,791,764,783,786,761,774,755,749,749,789,748,745,718,727
380,0,709,623,667,630,675,620,635,637,675,653,668,610,580,626,595,604,608,587,597,602
381,0,556,538,495,473,447,507,497,469,450,480,499,493,467,478,467,455,488,525,506,479
382,0,393,418,409,387,364,384,393,382,383,399,423,334,400,422,384,395,393,384,362,416
383,0,370,335,338,315,311,313,298,314,307,329,318,290,345,318,329,335,318,301,299,316
384,0,249,216,255,222,242,230,212,198,235,223,219,236,221,198,212,253,214,221,218,213
385,0,216,216,197,196,195,209,185,208,201,222,227,224,200,212,193,195,255,211,188,206
386,0,184,187,177,191,171,192,186,189,176,184,161,184,156,164,166,188,173,178,187,173
387,0,177,162,185,150,164,167,166,165,153,176,153,152,155,171,157,157,152,168,143,130
388,0,155,142,136,136,120,158,148,150,137,143,149,142,147,139,141,176,145,149,140,135
389,0,154,121,134,119,128,107,121,113,127,141,124,123,128,125,111,141,132,129,110,122
390,0,116,122,107,115,117,133,120,98,112,103,104,98,112,106,96,98,111,110,110,95
391,0,109,108,100,98,100,100,105,91,99,98,105,81,106,92,86,97,107,75,85,104
392,0,89,87,67,87,87,78,70,90,86,69,96,84,88,100,85,85,89,82,76,89
393,0,74,73,76,81,69,92,89,73,74,69,74,69,76,83,76,60,62,73,75,62
394,0,71,77,70,70,66,61,64,64,65,50,58,53,70,68,71,61,72,57,61,53
395,0,78,60,66,58,60,46,40,53,63,56,42,48,57,63,60,74,54,53,52,64
396,0,49,46,46,51,44,58,46,54,56,42,50,45,48,48,52,62,53,44,49,54
397,0,36,40,43,43,48,43,41,44,33,53,40,54,42,46,40,36,43,44,45,31
398,0,38,37,34,36,40,38,37,31,34,37,32,40,35,31,29,41,32,36,50,45
399,0,26,35,34,37,33,38,29,28,30,32,26,32,26,22,19,35,35,30,33,29
400,0,25,28,38,20,26,32,20,25,28,32,22,22,35,27,29,36,19,31,34,28
401,0,27,27,30,29,18,22,21,22,21,16,22,23,23,31,25,21,31,19,14,28
402,0,17,16,28,22,19,13,21,20,21,19,20,23,18,18,17,17,19,25,12,14
403,0,16,12,8,14,12,23,16,16,8,14,17,10,8,14,15,12,16,20,11,22
404,0,21,10,10,13,16,12,16,8,12,15,17,16,10,7,17,9,11,13,10,9
405,0,13,15,9,8,6,12,9,7,13,12,11,10,8,9,9,8,11,9,11,14
406,0,7,5,8,4,8,11,7,6,9,20,8,12,7,10,7,9,11,7,9,10
407,0,3,5,8,4,4,6,4,5,7,8,2,8,6,6,8,6,6,8,3,8
408,0,3,9,6,10,4,5,2,7,9,4,7,6,1,6,6,3,3,1,10,4
409,0,6,3,4,7,8,4,3,3,3,6,3,6,3,5,8,3,4,6,8,3
410,0,1,4,2,5,1,2,2,2,4,3,7,4,6,2,4,4,2,3,6,1
411,0,1,3,5,3,4,2,4,1,2,1,5,9,2,2,2,2,1,3,0,1
412,0,3,1,2,1,0,5,2,3,2,2,2,2,2,1,1,2,2,1,4,4
413,0,2,0,3,1,2,1,1,1,0,3,0,2,0,3,0,4,0,0,3,1
