Set #, Absolute delay [ns] 
0,0.00
1,0.01
2,0.02
3,0.03
4,0.04
5,0.05
6,0.06
7,0.07
8,0.08
9,0.09
10,0.10
11,0.11
12,0.12
13,0.13
14,0.14
15,0.15
16,0.16
17,0.17
18,0.18
19,0.19
20,0.20
21,0.21
22,0.22
23,0.23
24,0.24
25,0.25
26,0.26
27,0.27
28,0.28
29,0.29
30,0.30
31,0.31
32,0.32
33,0.33
34,0.34
35,0.35
36,0.36
37,0.37
38,0.38
39,0.39
40,0.40
41,0.41
42,0.42
43,0.43
44,0.44
45,0.45
46,0.46
47,0.47
48,0.48
49,0.49
50,0.50
51,0.51
52,0.52
53,0.53
54,0.54
55,0.55
56,0.56
57,0.57
58,0.58
59,0.59
60,0.60
61,0.61
62,0.62
63,0.63
64,0.64
65,0.65
66,0.66
67,0.67
68,0.68
69,0.69
70,0.70
71,0.71
72,0.72
73,0.73
74,0.74
75,0.75
76,0.76
77,0.77
78,0.78
79,0.79
80,0.80
81,0.81
82,0.82
83,0.83
84,0.84
85,0.85
86,0.86
87,0.87
88,0.88
89,0.89
90,0.90
91,0.91
92,0.92
93,0.93
94,0.94
95,0.95
96,0.96
97,0.97
98,0.98
99,0.99
100,1.00
101,1.01
102,1.02
103,1.03
104,1.04
105,1.05
106,1.06
107,1.07
108,1.08
109,1.09
110,1.10
111,1.11
112,1.12
113,1.13
114,1.14
115,1.15
116,1.16
117,1.17
118,1.18
119,1.19
120,1.20
121,1.21
122,1.22
123,1.23
124,1.24
125,1.25
126,1.26
127,1.27
128,1.28
129,1.29
130,1.30
131,1.31
132,1.32
133,1.33
134,1.34
135,1.35
136,1.36
137,1.37
138,1.38
139,1.39
140,1.40
141,1.41
142,1.42
143,1.43
144,1.44
145,1.45
146,1.46
147,1.47
148,1.48
149,1.49
150,1.50
151,1.51
152,1.52
153,1.53
154,1.54
155,1.55
156,1.56
157,1.57
158,1.58
159,1.59
160,1.60
161,1.61
162,1.62
163,1.63
164,1.64
165,1.65
166,1.66
167,1.67
168,1.68
169,1.69
170,1.70
171,1.71
172,1.72
173,1.73
174,1.74
175,1.75
176,1.76
177,1.77
178,1.78
179,1.79
180,1.80
181,1.81
182,1.82
183,1.83
184,1.84
185,1.85
186,1.86
187,1.87
188,1.88
189,1.89
190,1.90
191,1.91
192,1.92
193,1.93
194,1.94
195,1.95
196,1.96
197,1.97
198,1.98
199,1.99
200,2.00
201,2.01
202,2.02
203,2.03
204,2.04
205,2.05
206,2.06
207,2.07
208,2.08
209,2.09
210,2.10
211,2.11
212,2.12
213,2.13
214,2.14
215,2.15
216,2.16
217,2.17
218,2.18
219,2.19
220,2.20
221,2.21
222,2.22
223,2.23
224,2.24
225,2.25
226,2.26
227,2.27
228,2.28
229,2.29
230,2.30
231,2.31
232,2.32
233,2.33
234,2.34
235,2.35
236,2.36
237,2.37
238,2.38
239,2.39
240,2.40
241,2.41
242,2.42
243,2.43
244,2.44
245,2.45
246,2.46
247,2.47
248,2.48
249,2.49
250,2.50
251,2.51
252,2.52
253,2.53
254,2.54
255,2.55
256,2.56
257,2.57
258,2.58
259,2.59
260,2.60
261,2.61
262,2.62
263,2.63
264,2.64
265,2.65
266,2.66
267,2.67
268,2.68
269,2.69
270,2.70
271,2.71
272,2.72
273,2.73
274,2.74
275,2.75
276,2.76
277,2.77
278,2.78
279,2.79
280,2.80
281,2.81
282,2.82
283,2.83
284,2.84
285,2.85
286,2.86
287,2.87
288,2.88
289,2.89
290,2.90
291,2.91
292,2.92
293,2.93
294,2.94
295,2.95
296,2.96
297,2.97
298,2.98
299,2.99
300,3.00
301,3.01
302,3.02
303,3.03
304,3.04
305,3.05
306,3.06
307,3.07
308,3.08
309,3.09
310,3.10
311,3.11
312,3.12
313,3.13
314,3.14
315,3.15
316,3.16
317,3.17
318,3.18
319,3.19
320,3.20
321,3.21
322,3.22
323,3.23
324,3.24
325,3.25
326,3.26
327,3.27
328,3.28
329,3.29
330,3.30
331,3.31
332,3.32
333,3.33
334,3.34
335,3.35
336,3.36
337,3.37
338,3.38
339,3.39
340,3.40
341,3.41
342,3.42
343,3.43
344,3.44
345,3.45
346,3.46
347,3.47
348,3.48
349,3.49
350,3.50
351,3.51
352,3.52
353,3.53
354,3.54
355,3.55
356,3.56
357,3.57
358,3.58
359,3.59
360,3.60
361,3.61
362,3.62
363,3.63
364,3.64
365,3.65
366,3.66
367,3.67
368,3.68
369,3.69
370,3.70
371,3.71
372,3.72
373,3.73
374,3.74
375,3.75
376,3.76
377,3.77
378,3.78
379,3.79
380,3.80
381,3.81
382,3.82
383,3.83
384,3.84
385,3.85
386,3.86
387,3.87
388,3.88
389,3.89
390,3.90
391,3.91
392,3.92
393,3.93
394,3.94
395,3.95
396,3.96
397,3.97
398,3.98
399,3.99
400,4.00
401,4.01
402,4.02
403,4.03
404,4.04
405,4.05
406,4.06
407,4.07
408,4.08
409,4.09
410,4.10
411,4.11
412,4.12
413,4.13
414,4.14
415,4.15
416,4.16
417,4.17
418,4.18
419,4.19
420,4.20
421,4.21
422,4.22
423,4.23
424,4.24
425,4.25
426,4.26
427,4.27
428,4.28
429,4.29
430,4.30
431,4.31
432,4.32
433,4.33
434,4.34
435,4.35
436,4.36
437,4.37
438,4.38
439,4.39
440,4.40
441,4.41
442,4.42
443,4.43
444,4.44
445,4.45
446,4.46
447,4.47
448,4.48
449,4.49
450,4.50
451,4.51
452,4.52
453,4.53
454,4.54
455,4.55
456,4.56
457,4.57
458,4.58
459,4.59
460,4.60
461,4.61
462,4.62
463,4.63
464,4.64
465,4.65
466,4.66
467,4.67
468,4.68
469,4.69
470,4.70
471,4.71
472,4.72
473,4.73
474,4.74
475,4.75
476,4.76
477,4.77
478,4.78
479,4.79
480,4.80
481,4.81
482,4.82
483,4.83
484,4.84
485,4.85
486,4.86
487,4.87
488,4.88
489,4.89
490,4.90
491,4.91
492,4.92
493,4.93
494,4.94
495,4.95
496,4.96
497,4.97
498,4.98
499,4.99
500,5.00
501,5.01
502,5.02
503,5.03
504,5.04
505,5.05
506,5.06
507,5.07
508,5.08
509,5.09
510,5.10
511,5.11
512,5.12
513,5.13
514,5.14
515,5.15
516,5.16
517,5.17
518,5.18
519,5.19
520,5.20
521,5.21
522,5.22
523,5.23
524,5.24
525,5.25
526,5.26
527,5.27
528,5.28
529,5.29
530,5.30
531,5.31
532,5.32
533,5.33
534,5.34
535,5.35
536,5.36
537,5.37
538,5.38
539,5.39
540,5.40
541,5.41
542,5.42
543,5.43
544,5.44
545,5.45
546,5.46
547,5.47
548,5.48
549,5.49
550,5.50
551,5.51
552,5.52
553,5.53
554,5.54
555,5.55
556,5.56
557,5.57
558,5.58
559,5.59
560,5.60
561,5.61
562,5.62
563,5.63
564,5.64
565,5.65
566,5.66
567,5.67
568,5.68
569,5.69
570,5.70
571,5.71
572,5.72
573,5.73
574,5.74
575,5.75
576,5.76
577,5.77
578,5.78
579,5.79
580,5.80
581,5.81
582,5.82
583,5.83
584,5.84
585,5.85
586,5.86
587,5.87
588,5.88
589,5.89
590,5.90
591,5.91
592,5.92
593,5.93
594,5.94
595,5.95
596,5.96
597,5.97
598,5.98
599,5.99
600,6.00
601,6.01
602,6.02
603,6.03
604,6.04
605,6.05
606,6.06
607,6.07
608,6.08
609,6.09
610,6.10
611,6.11
612,6.12
613,6.13
614,6.14
615,6.15
616,6.16
617,6.17
618,6.18
619,6.19
620,6.20
621,6.21
622,6.22
623,6.23
624,6.24
625,6.25
626,6.26
627,6.27
628,6.28
629,6.29
630,6.30
631,6.31
632,6.32
633,6.33
634,6.34
635,6.35
636,6.36
637,6.37
638,6.38
639,6.39
640,6.40
641,6.41
642,6.42
643,6.43
644,6.44
645,6.45
646,6.46
647,6.47
648,6.48
649,6.49
650,6.50
651,6.51
652,6.52
653,6.53
654,6.54
655,6.55
656,6.56
657,6.57
658,6.58
659,6.59
660,6.60
661,6.61
662,6.62
663,6.63
664,6.64
665,6.65
666,6.66
667,6.67
668,6.68
669,6.69
670,6.70
671,6.71
672,6.72
673,6.73
674,6.74
675,6.75
676,6.76
677,6.77
678,6.78
679,6.79
680,6.80
681,6.81
682,6.82
683,6.83
684,6.84
685,6.85
686,6.86
687,6.87
688,6.88
689,6.89
690,6.90
691,6.91
692,6.92
693,6.93
694,6.94
695,6.95
696,6.96
697,6.97
698,6.98
699,6.99
700,7.00
701,7.01
702,7.02
703,7.03
704,7.04
705,7.05
706,7.06
707,7.07
708,7.08
709,7.09
710,7.10
711,7.11
712,7.12
713,7.13
714,7.14
715,7.15
716,7.16
717,7.17
718,7.18
719,7.19
720,7.20
721,7.21
722,7.22
723,7.23
724,7.24
725,7.25
726,7.26
727,7.27
728,7.28
729,7.29
730,7.30
731,7.31
732,7.32
733,7.33
734,7.34
735,7.35
736,7.36
737,7.37
738,7.38
739,7.39
740,7.40
741,7.41
742,7.42
743,7.43
744,7.44
745,7.45
746,7.46
747,7.47
748,7.48
749,7.49
750,7.50
751,7.51
752,7.52
753,7.53
754,7.54
755,7.55
756,7.56
757,7.57
758,7.58
759,7.59
760,7.60
761,7.61
762,7.62
763,7.63
764,7.64
765,7.65
766,7.66
767,7.67
768,7.68
769,7.69
770,7.70
771,7.71
772,7.72
773,7.73
774,7.74
775,7.75
776,7.76
777,7.77
778,7.78
779,7.79
780,7.80
781,7.81
782,7.82
783,7.83
784,7.84
785,7.85
786,7.86
787,7.87
788,7.88
789,7.89
790,7.90
791,7.91
792,7.92
793,7.93
794,7.94
795,7.95
796,7.96
797,7.97
798,7.98
799,7.99
800,8.00
801,8.01
802,8.02
803,8.03
804,8.04
805,8.05
806,8.06
807,8.07
808,8.08
809,8.09
810,8.10
811,8.11
812,8.12
813,8.13
814,8.14
815,8.15
816,8.16
817,8.17
818,8.18
819,8.19
820,8.20
821,8.21
822,8.22
823,8.23
824,8.24
825,8.25
826,8.26
827,8.27
828,8.28
829,8.29
830,8.30
831,8.31
832,8.32
833,8.33
834,8.34
835,8.35
836,8.36
837,8.37
838,8.38
839,8.39
840,8.40
841,8.41
842,8.42
843,8.43
844,8.44
845,8.45
846,8.46
847,8.47
848,8.48
849,8.49
850,8.50
851,8.51
852,8.52
853,8.53
854,8.54
855,8.55
856,8.56
857,8.57
858,8.58
859,8.59
860,8.60
861,8.61
862,8.62
863,8.63
864,8.64
865,8.65
866,8.66
867,8.67
868,8.68
869,8.69
870,8.70
871,8.71
872,8.72
873,8.73
874,8.74
875,8.75
876,8.76
877,8.77
878,8.78
879,8.79
880,8.80
881,8.81
882,8.82
883,8.83
884,8.84
885,8.85
886,8.86
887,8.87
888,8.88
889,8.89
890,8.90
891,8.91
892,8.92
893,8.93
894,8.94
895,8.95
896,8.96
897,8.97
898,8.98
899,8.99
900,9.00
901,9.01
902,9.02
903,9.03
904,9.04
905,9.05
906,9.06
907,9.07
908,9.08
909,9.09
910,9.10
911,9.11
912,9.12
913,9.13
914,9.14
915,9.15
916,9.16
917,9.17
918,9.18
919,9.19
920,9.20
921,9.21
922,9.22
923,9.23
924,9.24
925,9.25
926,9.26
927,9.27
928,9.28
929,9.29
930,9.30
931,9.31
932,9.32
933,9.33
934,9.34
935,9.35
936,9.36
937,9.37
938,9.38
939,9.39
940,9.40
941,9.41
942,9.42
943,9.43
944,9.44
945,9.45
946,9.46
947,9.47
948,9.48
949,9.49
950,9.50
951,9.51
952,9.52
953,9.53
954,9.54
955,9.55
956,9.56
957,9.57
958,9.58
959,9.59
960,9.60
961,9.61
962,9.62
963,9.63
964,9.64
965,9.65
966,9.66
967,9.67
968,9.68
969,9.69
970,9.70
971,9.71
972,9.72
973,9.73
974,9.74
975,9.75
976,9.76
977,9.77
978,9.78
979,9.79
980,9.80
981,9.81
982,9.82
983,9.83
984,9.84
985,9.85
986,9.86
987,9.87
988,9.88
989,9.89
990,9.90
991,9.91
992,9.92
993,9.93
994,9.94
995,9.95
996,9.96
997,9.97
998,9.98
999,9.99
1000,10.00
1001,10.01
1002,10.02
1003,10.03
1004,10.04
1005,10.05
1006,10.06
1007,10.07
1008,10.08
1009,10.09
1010,10.10
1011,10.11
1012,10.12
1013,10.13
1014,10.14
1015,10.15
1016,10.16
1017,10.17
1018,10.18
1019,10.19
1020,10.20
1021,10.21
1022,10.22
1023,10.23
1024,10.24
1025,10.25
1026,10.26
1027,10.27
1028,10.28
1029,10.29
1030,10.30
1031,10.31
1032,10.32
1033,10.33
1034,10.34
1035,10.35
1036,10.36
1037,10.37
1038,10.38
1039,10.39
1040,10.40
1041,10.41
1042,10.42
1043,10.43
1044,10.44
1045,10.45
1046,10.46
1047,10.47
1048,10.48
1049,10.49
1050,10.50
1051,10.51
1052,10.52
1053,10.53
1054,10.54
1055,10.55
1056,10.56
1057,10.57
1058,10.58
1059,10.59
1060,10.60
1061,10.61
1062,10.62
1063,10.63
1064,10.64
1065,10.65
1066,10.66
1067,10.67
1068,10.68
1069,10.69
1070,10.70
1071,10.71
1072,10.72
1073,10.73
1074,10.74
1075,10.75
1076,10.76
1077,10.77
1078,10.78
1079,10.79
1080,10.80
1081,10.81
1082,10.82
1083,10.83
1084,10.84
1085,10.85
1086,10.86
1087,10.87
1088,10.88
1089,10.89
1090,10.90
1091,10.91
1092,10.92
1093,10.93
1094,10.94
1095,10.95
1096,10.96
1097,10.97
1098,10.98
1099,10.99
1100,11.00
1101,11.01
1102,11.02
1103,11.03
1104,11.04
1105,11.05
1106,11.06
1107,11.07
1108,11.08
1109,11.09
1110,11.10
1111,11.11
1112,11.12
1113,11.13
1114,11.14
1115,11.15
1116,11.16
1117,11.17
1118,11.18
1119,11.19
1120,11.20
1121,11.21
1122,11.22
1123,11.23
1124,11.24
1125,11.25
1126,11.26
1127,11.27
1128,11.28
1129,11.29
1130,11.30
1131,11.31
1132,11.32
1133,11.33
1134,11.34
1135,11.35
1136,11.36
1137,11.37
1138,11.38
1139,11.39
1140,11.40
1141,11.41
1142,11.42
1143,11.43
1144,11.44
1145,11.45
1146,11.46
1147,11.47
1148,11.48
1149,11.49
1150,11.50
1151,11.51
1152,11.52
1153,11.53
1154,11.54
1155,11.55
1156,11.56
1157,11.57
1158,11.58
1159,11.59
1160,11.60
1161,11.61
1162,11.62
1163,11.63
1164,11.64
1165,11.65
1166,11.66
1167,11.67
1168,11.68
1169,11.69
1170,11.70
1171,11.71
1172,11.72
1173,11.73
1174,11.74
1175,11.75
1176,11.76
1177,11.77
1178,11.78
1179,11.79
1180,11.80
1181,11.81
1182,11.82
1183,11.83
1184,11.84
1185,11.85
1186,11.86
1187,11.87
1188,11.88
1189,11.89
1190,11.90
1191,11.91
1192,11.92
1193,11.93
1194,11.94
1195,11.95
1196,11.96
1197,11.97
1198,11.98
1199,11.99
1200,12.00
1201,12.01
1202,12.02
1203,12.03
1204,12.04
1205,12.05
1206,12.06
1207,12.07
1208,12.08
1209,12.09
1210,12.10
1211,12.11
1212,12.12
1213,12.13
1214,12.14
1215,12.15
1216,12.16
1217,12.17
1218,12.18
1219,12.19
1220,12.20
1221,12.21
1222,12.22
1223,12.23
1224,12.24
1225,12.25
1226,12.26
1227,12.27
1228,12.28
1229,12.29
1230,12.30
1231,12.31
1232,12.32
1233,12.33
1234,12.34
1235,12.35
1236,12.36
1237,12.37
1238,12.38
1239,12.39
1240,12.40
1241,12.41
1242,12.42
1243,12.43
1244,12.44
1245,12.45
1246,12.46
1247,12.47
1248,12.48
1249,12.49
1250,12.50
1251,12.51
1252,12.52
1253,12.53
1254,12.54
1255,12.55
1256,12.56
1257,12.57
1258,12.58
1259,12.59
1260,12.60
1261,12.61
1262,12.62
1263,12.63
1264,12.64
1265,12.65
1266,12.66
1267,12.67
1268,12.68
1269,12.69
1270,12.70
1271,12.71
1272,12.72
1273,12.73
1274,12.74
1275,12.75
1276,12.76
1277,12.77
1278,12.78
1279,12.79
1280,12.80
1281,12.81
1282,12.82
1283,12.83
1284,12.84
1285,12.85
1286,12.86
1287,12.87
1288,12.88
1289,12.89
1290,12.90
1291,12.91
1292,12.92
1293,12.93
1294,12.94
1295,12.95
1296,12.96
1297,12.97
1298,12.98
1299,12.99
1300,13.00
1301,13.01
1302,13.02
1303,13.03
1304,13.04
1305,13.05
1306,13.06
1307,13.07
1308,13.08
1309,13.09
1310,13.10
1311,13.11
1312,13.12
1313,13.13
1314,13.14
1315,13.15
1316,13.16
1317,13.17
1318,13.18
1319,13.19
1320,13.20
1321,13.21
1322,13.22
1323,13.23
1324,13.24
1325,13.25
1326,13.26
1327,13.27
1328,13.28
1329,13.29
1330,13.30
1331,13.31
1332,13.32
1333,13.33
1334,13.34
1335,13.35
1336,13.36
1337,13.37
1338,13.38
1339,13.39
1340,13.40
1341,13.41
1342,13.42
1343,13.43
1344,13.44
1345,13.45
1346,13.46
1347,13.47
1348,13.48
1349,13.49
1350,13.50
1351,13.51
1352,13.52
1353,13.53
1354,13.54
1355,13.55
1356,13.56
1357,13.57
1358,13.58
1359,13.59
1360,13.60
1361,13.61
1362,13.62
1363,13.63
1364,13.64
1365,13.65
1366,13.66
1367,13.67
1368,13.68
1369,13.69
1370,13.70
1371,13.71
1372,13.72
1373,13.73
1374,13.74
1375,13.75
1376,13.76
1377,13.77
1378,13.78
1379,13.79
1380,13.80
1381,13.81
1382,13.82
1383,13.83
1384,13.84
1385,13.85
1386,13.86
1387,13.87
1388,13.88
1389,13.89
1390,13.90
1391,13.91
1392,13.92
1393,13.93
1394,13.94
1395,13.95
1396,13.96
1397,13.97
1398,13.98
1399,13.99
1400,14.00
1401,14.01
1402,14.02
1403,14.03
1404,14.04
1405,14.05
1406,14.06
1407,14.07
1408,14.08
1409,14.09
1410,14.10
1411,14.11
1412,14.12
1413,14.13
1414,14.14
1415,14.15
1416,14.16
1417,14.17
1418,14.18
1419,14.19
1420,14.20
1421,14.21
1422,14.22
1423,14.23
1424,14.24
1425,14.25
1426,14.26
1427,14.27
1428,14.28
1429,14.29
1430,14.30
1431,14.31
1432,14.32
1433,14.33
1434,14.34
1435,14.35
1436,14.36
1437,14.37
1438,14.38
1439,14.39
1440,14.40
1441,14.41
1442,14.42
1443,14.43
1444,14.44
1445,14.45
1446,14.46
1447,14.47
1448,14.48
1449,14.49
1450,14.50
1451,14.51
1452,14.52
1453,14.53
1454,14.54
1455,14.55
1456,14.56
1457,14.57
1458,14.58
1459,14.59
1460,14.60
1461,14.61
1462,14.62
1463,14.63
1464,14.64
1465,14.65
1466,14.66
1467,14.67
1468,14.68
1469,14.69
1470,14.70
1471,14.71
1472,14.72
1473,14.73
1474,14.74
1475,14.75
1476,14.76
1477,14.77
1478,14.78
1479,14.79
1480,14.80
1481,14.81
1482,14.82
1483,14.83
1484,14.84
1485,14.85
1486,14.86
1487,14.87
1488,14.88
1489,14.89
1490,14.90
1491,14.91
1492,14.92
1493,14.93
1494,14.94
1495,14.95
1496,14.96
1497,14.97
1498,14.98
1499,14.99
1500,15.00
1501,15.01
1502,15.02
1503,15.03
1504,15.04
1505,15.05
1506,15.06
1507,15.07
1508,15.08
1509,15.09
1510,15.10
1511,15.11
1512,15.12
1513,15.13
1514,15.14
1515,15.15
1516,15.16
1517,15.17
1518,15.18
1519,15.19
1520,15.20
1521,15.21
1522,15.22
1523,15.23
1524,15.24
1525,15.25
1526,15.26
1527,15.27
1528,15.28
1529,15.29
1530,15.30
1531,15.31
1532,15.32
1533,15.33
1534,15.34
1535,15.35
1536,15.36
1537,15.37
1538,15.38
1539,15.39
1540,15.40
1541,15.41
1542,15.42
1543,15.43
1544,15.44
1545,15.45
1546,15.46
1547,15.47
1548,15.48
1549,15.49
1550,15.50
1551,15.51
1552,15.52
1553,15.53
1554,15.54
1555,15.55
1556,15.56
1557,15.57
1558,15.58
1559,15.59
1560,15.60
1561,15.61
1562,15.62
1563,15.63
1564,15.64
1565,15.65
1566,15.66
1567,15.67
1568,15.68
1569,15.69
1570,15.70
1571,15.71
1572,15.72
1573,15.73
1574,15.74
1575,15.75
1576,15.76
1577,15.77
1578,15.78
1579,15.79
1580,15.80
1581,15.81
1582,15.82
1583,15.83
1584,15.84
1585,15.85
1586,15.86
1587,15.87
1588,15.88
1589,15.89
1590,15.90
1591,15.91
1592,15.92
1593,15.93
1594,15.94
1595,15.95
1596,15.96
1597,15.97
1598,15.98
1599,15.99
1600,16.00
1601,16.01
1602,16.02
1603,16.03
1604,16.04
1605,16.05
1606,16.06
1607,16.07
1608,16.08
1609,16.09
1610,16.10
1611,16.11
1612,16.12
1613,16.13
1614,16.14
1615,16.15
1616,16.16
1617,16.17
1618,16.18
1619,16.19
1620,16.20
1621,16.21
1622,16.22
1623,16.23
1624,16.24
1625,16.25
1626,16.26
1627,16.27
1628,16.28
1629,16.29
1630,16.30
1631,16.31
1632,16.32
1633,16.33
1634,16.34
1635,16.35
1636,16.36
1637,16.37
1638,16.38
1639,16.39
1640,16.40
1641,16.41
1642,16.42
1643,16.43
1644,16.44
1645,16.45
1646,16.46
1647,16.47
1648,16.48
1649,16.49
1650,16.50
1651,16.51
1652,16.52
1653,16.53
1654,16.54
1655,16.55
1656,16.56
1657,16.57
1658,16.58
1659,16.59
1660,16.60
1661,16.61
1662,16.62
1663,16.63
1664,16.64
1665,16.65
1666,16.66
1667,16.67
1668,16.68
1669,16.69
1670,16.70
1671,16.71
1672,16.72
1673,16.73
1674,16.74
1675,16.75
1676,16.76
1677,16.77
1678,16.78
1679,16.79
1680,16.80
1681,16.81
1682,16.82
1683,16.83
1684,16.84
1685,16.85
1686,16.86
1687,16.87
1688,16.88
1689,16.89
1690,16.90
1691,16.91
1692,16.92
1693,16.93
1694,16.94
1695,16.95
1696,16.96
1697,16.97
1698,16.98
1699,16.99
1700,17.00
1701,17.01
1702,17.02
1703,17.03
1704,17.04
1705,17.05
1706,17.06
1707,17.07
1708,17.08
1709,17.09
1710,17.10
1711,17.11
1712,17.12
1713,17.13
1714,17.14
1715,17.15
1716,17.16
1717,17.17
1718,17.18
1719,17.19
1720,17.20
1721,17.21
1722,17.22
1723,17.23
1724,17.24
1725,17.25
1726,17.26
1727,17.27
1728,17.28
1729,17.29
1730,17.30
1731,17.31
1732,17.32
1733,17.33
1734,17.34
1735,17.35
1736,17.36
1737,17.37
1738,17.38
1739,17.39
1740,17.40
1741,17.41
1742,17.42
1743,17.43
1744,17.44
1745,17.45
1746,17.46
1747,17.47
1748,17.48
1749,17.49
1750,17.50
1751,17.51
1752,17.52
1753,17.53
1754,17.54
1755,17.55
1756,17.56
1757,17.57
1758,17.58
1759,17.59
1760,17.60
1761,17.61
1762,17.62
1763,17.63
1764,17.64
1765,17.65
1766,17.66
1767,17.67
1768,17.68
1769,17.69
1770,17.70
1771,17.71
1772,17.72
1773,17.73
1774,17.74
1775,17.75
1776,17.76
1777,17.77
1778,17.78
1779,17.79
1780,17.80
1781,17.81
1782,17.82
1783,17.83
1784,17.84
1785,17.85
1786,17.86
1787,17.87
1788,17.88
1789,17.89
1790,17.90
1791,17.91
1792,17.92
1793,17.93
1794,17.94
1795,17.95
1796,17.96
1797,17.97
1798,17.98
1799,17.99
1800,18.00
1801,18.01
1802,18.02
1803,18.03
1804,18.04
1805,18.05
1806,18.06
1807,18.07
1808,18.08
1809,18.09
1810,18.10
1811,18.11
1812,18.12
1813,18.13
1814,18.14
1815,18.15
1816,18.16
1817,18.17
1818,18.18
1819,18.19
1820,18.20
1821,18.21
1822,18.22
1823,18.23
1824,18.24
1825,18.25
1826,18.26
1827,18.27
1828,18.28
1829,18.29
1830,18.30
1831,18.31
1832,18.32
1833,18.33
1834,18.34
1835,18.35
1836,18.36
1837,18.37
1838,18.38
1839,18.39
1840,18.40
1841,18.41
1842,18.42
1843,18.43
1844,18.44
1845,18.45
1846,18.46
1847,18.47
1848,18.48
1849,18.49
1850,18.50
1851,18.51
1852,18.52
1853,18.53
1854,18.54
1855,18.55
1856,18.56
1857,18.57
1858,18.58
1859,18.59
1860,18.60
1861,18.61
1862,18.62
1863,18.63
1864,18.64
1865,18.65
1866,18.66
1867,18.67
1868,18.68
1869,18.69
1870,18.70
1871,18.71
1872,18.72
1873,18.73
1874,18.74
1875,18.75
1876,18.76
1877,18.77
1878,18.78
1879,18.79
1880,18.80
1881,18.81
1882,18.82
1883,18.83
1884,18.84
1885,18.85
1886,18.86
1887,18.87
1888,18.88
1889,18.89
1890,18.90
1891,18.91
1892,18.92
1893,18.93
1894,18.94
1895,18.95
1896,18.96
1897,18.97
1898,18.98
1899,18.99
1900,19.00
1901,19.01
1902,19.02
1903,19.03
1904,19.04
1905,19.05
1906,19.06
1907,19.07
1908,19.08
1909,19.09
1910,19.10
1911,19.11
1912,19.12
1913,19.13
1914,19.14
1915,19.15
1916,19.16
1917,19.17
1918,19.18
1919,19.19
1920,19.20
1921,19.21
1922,19.22
1923,19.23
1924,19.24
1925,19.25
1926,19.26
1927,19.27
1928,19.28
1929,19.29
1930,19.30
1931,19.31
1932,19.32
1933,19.33
1934,19.34
1935,19.35
1936,19.36
1937,19.37
1938,19.38
1939,19.39
1940,19.40
1941,19.41
1942,19.42
1943,19.43
1944,19.44
1945,19.45
1946,19.46
1947,19.47
1948,19.48
1949,19.49
1950,19.50
1951,19.51
1952,19.52
1953,19.53
1954,19.54
1955,19.55
1956,19.56
1957,19.57
1958,19.58
1959,19.59
1960,19.60
1961,19.61
1962,19.62
1963,19.63
1964,19.64
1965,19.65
1966,19.66
1967,19.67
1968,19.68
1969,19.69
1970,19.70
1971,19.71
1972,19.72
1973,19.73
1974,19.74
1975,19.75
1976,19.76
1977,19.77
1978,19.78
1979,19.79
1980,19.80
1981,19.81
1982,19.82
1983,19.83
1984,19.84
1985,19.85
1986,19.86
1987,19.87
1988,19.88
1989,19.89
1990,19.90
1991,19.91
1992,19.92
1993,19.93
1994,19.94
1995,19.95
1996,19.96
1997,19.97
1998,19.98
1999,19.99
2000,20.00
2001,20.01
2002,20.02
2003,20.03
2004,20.04
2005,20.05
2006,20.06
2007,20.07
2008,20.08
2009,20.09
2010,20.10
2011,20.11
2012,20.12
2013,20.13
2014,20.14
2015,20.15
2016,20.16
2017,20.17
2018,20.18
2019,20.19
2020,20.20
2021,20.21
2022,20.22
2023,20.23
2024,20.24
2025,20.25
2026,20.26
2027,20.27
2028,20.28
2029,20.29
2030,20.30
2031,20.31
2032,20.32
2033,20.33
2034,20.34
2035,20.35
2036,20.36
2037,20.37
2038,20.38
2039,20.39
2040,20.40
2041,20.41
2042,20.42
2043,20.43
2044,20.44
2045,20.45
2046,20.46
2047,20.47
2048,20.48
2049,20.49
2050,20.50
2051,20.51
2052,20.52
2053,20.53
2054,20.54
2055,20.55
2056,20.56
2057,20.57
2058,20.58
2059,20.59
2060,20.60
2061,20.61
2062,20.62
2063,20.63
2064,20.64
2065,20.65
2066,20.66
2067,20.67
2068,20.68
2069,20.69
2070,20.70
2071,20.71
2072,20.72
2073,20.73
2074,20.74
2075,20.75
2076,20.76
2077,20.77
2078,20.78
2079,20.79
2080,20.80
2081,20.81
2082,20.82
2083,20.83
2084,20.84
2085,20.85
2086,20.86
2087,20.87
2088,20.88
2089,20.89
2090,20.90
2091,20.91
2092,20.92
2093,20.93
2094,20.94
2095,20.95
2096,20.96
2097,20.97
2098,20.98
2099,20.99
2100,21.00
2101,21.01
2102,21.02
2103,21.03
2104,21.04
2105,21.05
2106,21.06
2107,21.07
2108,21.08
2109,21.09
2110,21.10
2111,21.11
2112,21.12
2113,21.13
2114,21.14
2115,21.15
2116,21.16
2117,21.17
2118,21.18
2119,21.19
2120,21.20
2121,21.21
2122,21.22
2123,21.23
2124,21.24
2125,21.25
2126,21.26
2127,21.27
2128,21.28
2129,21.29
2130,21.30
2131,21.31
2132,21.32
2133,21.33
2134,21.34
2135,21.35
2136,21.36
2137,21.37
2138,21.38
2139,21.39
2140,21.40
2141,21.41
2142,21.42
2143,21.43
2144,21.44
2145,21.45
2146,21.46
2147,21.47
2148,21.48
2149,21.49
2150,21.50
2151,21.51
2152,21.52
2153,21.53
2154,21.54
2155,21.55
2156,21.56
2157,21.57
2158,21.58
2159,21.59
2160,21.60
2161,21.61
2162,21.62
2163,21.63
2164,21.64
2165,21.65
2166,21.66
2167,21.67
2168,21.68
2169,21.69
2170,21.70
2171,21.71
2172,21.72
2173,21.73
2174,21.74
2175,21.75
2176,21.76
2177,21.77
2178,21.78
2179,21.79
2180,21.80
2181,21.81
2182,21.82
2183,21.83
2184,21.84
2185,21.85
2186,21.86
2187,21.87
2188,21.88
2189,21.89
2190,21.90
2191,21.91
2192,21.92
2193,21.93
2194,21.94
2195,21.95
2196,21.96
2197,21.97
2198,21.98
2199,21.99
2200,22.00
2201,22.01
2202,22.02
2203,22.03
2204,22.04
2205,22.05
2206,22.06
2207,22.07
2208,22.08
2209,22.09
2210,22.10
2211,22.11
2212,22.12
2213,22.13
2214,22.14
2215,22.15
2216,22.16
2217,22.17
2218,22.18
2219,22.19
2220,22.20
2221,22.21
2222,22.22
2223,22.23
2224,22.24
2225,22.25
2226,22.26
2227,22.27
2228,22.28
2229,22.29
2230,22.30
2231,22.31
2232,22.32
2233,22.33
2234,22.34
2235,22.35
2236,22.36
2237,22.37
2238,22.38
2239,22.39
2240,22.40
2241,22.41
2242,22.42
2243,22.43
2244,22.44
2245,22.45
2246,22.46
2247,22.47
2248,22.48
2249,22.49
2250,22.50
2251,22.51
2252,22.52
2253,22.53
2254,22.54
2255,22.55
2256,22.56
2257,22.57
2258,22.58
2259,22.59
2260,22.60
2261,22.61
2262,22.62
2263,22.63
2264,22.64
2265,22.65
2266,22.66
2267,22.67
2268,22.68
2269,22.69
2270,22.70
2271,22.71
2272,22.72
2273,22.73
2274,22.74
2275,22.75
2276,22.76
2277,22.77
2278,22.78
2279,22.79
2280,22.80
2281,22.81
2282,22.82
2283,22.83
2284,22.84
2285,22.85
2286,22.86
2287,22.87
2288,22.88
2289,22.89
2290,22.90
2291,22.91
2292,22.92
2293,22.93
2294,22.94
2295,22.95
2296,22.96
2297,22.97
2298,22.98
2299,22.99
2300,23.00
2301,23.01
2302,23.02
2303,23.03
2304,23.04
2305,23.05
2306,23.06
2307,23.07
2308,23.08
2309,23.09
2310,23.10
2311,23.11
2312,23.12
2313,23.13
2314,23.14
2315,23.15
2316,23.16
2317,23.17
2318,23.18
2319,23.19
2320,23.20
2321,23.21
2322,23.22
2323,23.23
2324,23.24
2325,23.25
2326,23.26
2327,23.27
2328,23.28
2329,23.29
2330,23.30
2331,23.31
2332,23.32
2333,23.33
2334,23.34
2335,23.35
2336,23.36
2337,23.37
2338,23.38
2339,23.39
2340,23.40
2341,23.41
2342,23.42
2343,23.43
2344,23.44
2345,23.45
2346,23.46
2347,23.47
2348,23.48
2349,23.49
2350,23.50
2351,23.51
2352,23.52
2353,23.53
2354,23.54
2355,23.55
2356,23.56
2357,23.57
2358,23.58
2359,23.59
2360,23.60
2361,23.61
2362,23.62
2363,23.63
2364,23.64
2365,23.65
2366,23.66
2367,23.67
2368,23.68
2369,23.69
2370,23.70
2371,23.71
2372,23.72
2373,23.73
2374,23.74
2375,23.75
2376,23.76
2377,23.77
2378,23.78
2379,23.79
2380,23.80
2381,23.81
2382,23.82
2383,23.83
2384,23.84
2385,23.85
2386,23.86
2387,23.87
2388,23.88
2389,23.89
2390,23.90
2391,23.91
2392,23.92
2393,23.93
2394,23.94
2395,23.95
2396,23.96
2397,23.97
2398,23.98
2399,23.99
2400,24.00
2401,24.01
2402,24.02
2403,24.03
2404,24.04
2405,24.05
2406,24.06
2407,24.07
2408,24.08
2409,24.09
2410,24.10
2411,24.11
2412,24.12
2413,24.13
2414,24.14
2415,24.15
2416,24.16
2417,24.17
2418,24.18
2419,24.19
2420,24.20
2421,24.21
2422,24.22
2423,24.23
2424,24.24
2425,24.25
2426,24.26
2427,24.27
2428,24.28
2429,24.29
2430,24.30
2431,24.31
2432,24.32
2433,24.33
2434,24.34
2435,24.35
2436,24.36
2437,24.37
2438,24.38
2439,24.39
2440,24.40
2441,24.41
2442,24.42
2443,24.43
2444,24.44
2445,24.45
2446,24.46
2447,24.47
2448,24.48
2449,24.49
2450,24.50
2451,24.51
2452,24.52
2453,24.53
2454,24.54
2455,24.55
2456,24.56
2457,24.57
2458,24.58
2459,24.59
2460,24.60
2461,24.61
2462,24.62
2463,24.63
2464,24.64
2465,24.65
2466,24.66
2467,24.67
2468,24.68
2469,24.69
2470,24.70
2471,24.71
2472,24.72
2473,24.73
2474,24.74
2475,24.75
2476,24.76
2477,24.77
2478,24.78
2479,24.79
2480,24.80
2481,24.81
2482,24.82
2483,24.83
2484,24.84
2485,24.85
2486,24.86
2487,24.87
2488,24.88
2489,24.89
2490,24.90
2491,24.91
2492,24.92
2493,24.93
2494,24.94
2495,24.95
2496,24.96
2497,24.97
2498,24.98
2499,24.99
2500,25.00
2501,25.01
2502,25.02
2503,25.03
2504,25.04
2505,25.05
2506,25.06
2507,25.07
2508,25.08
2509,25.09
2510,25.10
2511,25.11
2512,25.12
2513,25.13
2514,25.14
2515,25.15
2516,25.16
2517,25.17
2518,25.18
2519,25.19
2520,25.20
2521,25.21
2522,25.22
2523,25.23
2524,25.24
2525,25.25
2526,25.26
2527,25.27
2528,25.28
2529,25.29
2530,25.30
2531,25.31
2532,25.32
2533,25.33
2534,25.34
2535,25.35
2536,25.36
2537,25.37
2538,25.38
2539,25.39
2540,25.40
2541,25.41
2542,25.42
2543,25.43
2544,25.44
2545,25.45
2546,25.46
2547,25.47
2548,25.48
2549,25.49
2550,25.50
2551,25.51
2552,25.52
2553,25.53
2554,25.54
2555,25.55
2556,25.56
2557,25.57
2558,25.58
2559,25.59
2560,25.60
2561,25.61
2562,25.62
2563,25.63
2564,25.64
2565,25.65
2566,25.66
2567,25.67
2568,25.68
2569,25.69
2570,25.70
2571,25.71
2572,25.72
2573,25.73
2574,25.74
2575,25.75
2576,25.76
2577,25.77
2578,25.78
2579,25.79
2580,25.80
2581,25.81
2582,25.82
2583,25.83
2584,25.84
2585,25.85
2586,25.86
2587,25.87
2588,25.88
2589,25.89
2590,25.90
2591,25.91
2592,25.92
2593,25.93
2594,25.94
2595,25.95
2596,25.96
2597,25.97
2598,25.98
2599,25.99
2600,26.00
2601,26.01
2602,26.02
2603,26.03
2604,26.04
2605,26.05
2606,26.06
2607,26.07
2608,26.08
2609,26.09
2610,26.10
2611,26.11
2612,26.12
2613,26.13
2614,26.14
2615,26.15
2616,26.16
2617,26.17
2618,26.18
2619,26.19
2620,26.20
2621,26.21
2622,26.22
2623,26.23
2624,26.24
2625,26.25
2626,26.26
2627,26.27
2628,26.28
2629,26.29
2630,26.30
2631,26.31
2632,26.32
2633,26.33
2634,26.34
2635,26.35
2636,26.36
2637,26.37
2638,26.38
2639,26.39
2640,26.40
2641,26.41
2642,26.42
2643,26.43
2644,26.44
2645,26.45
2646,26.46
2647,26.47
2648,26.48
2649,26.49
2650,26.50
2651,26.51
2652,26.52
2653,26.53
2654,26.54
2655,26.55
2656,26.56
2657,26.57
2658,26.58
2659,26.59
2660,26.60
2661,26.61
2662,26.62
2663,26.63
2664,26.64
2665,26.65
2666,26.66
2667,26.67
2668,26.68
2669,26.69
2670,26.70
2671,26.71
2672,26.72
2673,26.73
2674,26.74
2675,26.75
2676,26.76
2677,26.77
2678,26.78
2679,26.79
2680,26.80
2681,26.81
2682,26.82
2683,26.83
2684,26.84
2685,26.85
2686,26.86
2687,26.87
2688,26.88
2689,26.89
2690,26.90
2691,26.91
2692,26.92
2693,26.93
2694,26.94
2695,26.95
2696,26.96
2697,26.97
2698,26.98
2699,26.99
2700,27.00
2701,27.01
2702,27.02
2703,27.03
2704,27.04
2705,27.05
2706,27.06
2707,27.07
2708,27.08
2709,27.09
2710,27.10
2711,27.11
2712,27.12
2713,27.13
2714,27.14
2715,27.15
2716,27.16
2717,27.17
2718,27.18
2719,27.19
2720,27.20
2721,27.21
2722,27.22
2723,27.23
2724,27.24
2725,27.25
2726,27.26
2727,27.27
2728,27.28
2729,27.29
2730,27.30
2731,27.31
2732,27.32
2733,27.33
2734,27.34
2735,27.35
2736,27.36
2737,27.37
2738,27.38
2739,27.39
2740,27.40
2741,27.41
2742,27.42
2743,27.43
2744,27.44
2745,27.45
2746,27.46
2747,27.47
2748,27.48
2749,27.49
2750,27.50
2751,27.51
2752,27.52
2753,27.53
2754,27.54
2755,27.55
2756,27.56
2757,27.57
2758,27.58
2759,27.59
2760,27.60
2761,27.61
2762,27.62
2763,27.63
2764,27.64
2765,27.65
2766,27.66
2767,27.67
2768,27.68
2769,27.69
2770,27.70
2771,27.71
2772,27.72
2773,27.73
2774,27.74
2775,27.75
2776,27.76
2777,27.77
2778,27.78
2779,27.79
2780,27.80
2781,27.81
2782,27.82
2783,27.83
2784,27.84
2785,27.85
2786,27.86
2787,27.87
2788,27.88
2789,27.89
2790,27.90
2791,27.91
2792,27.92
2793,27.93
2794,27.94
2795,27.95
2796,27.96
2797,27.97
2798,27.98
2799,27.99
2800,28.00
2801,28.01
2802,28.02
2803,28.03
2804,28.04
2805,28.05
2806,28.06
2807,28.07
2808,28.08
2809,28.09
2810,28.10
2811,28.11
2812,28.12
2813,28.13
2814,28.14
2815,28.15
2816,28.16
2817,28.17
2818,28.18
2819,28.19
2820,28.20
2821,28.21
2822,28.22
2823,28.23
2824,28.24
2825,28.25
2826,28.26
2827,28.27
2828,28.28
2829,28.29
2830,28.30
2831,28.31
2832,28.32
2833,28.33
2834,28.34
2835,28.35
2836,28.36
2837,28.37
2838,28.38
2839,28.39
2840,28.40
2841,28.41
2842,28.42
2843,28.43
2844,28.44
2845,28.45
2846,28.46
2847,28.47
2848,28.48
2849,28.49
2850,28.50
2851,28.51
2852,28.52
2853,28.53
2854,28.54
2855,28.55
2856,28.56
2857,28.57
2858,28.58
2859,28.59
2860,28.60
2861,28.61
2862,28.62
2863,28.63
2864,28.64
2865,28.65
2866,28.66
2867,28.67
2868,28.68
2869,28.69
2870,28.70
2871,28.71
2872,28.72
2873,28.73
2874,28.74
2875,28.75
2876,28.76
2877,28.77
2878,28.78
2879,28.79
2880,28.80
2881,28.81
2882,28.82
2883,28.83
2884,28.84
2885,28.85
2886,28.86
2887,28.87
2888,28.88
2889,28.89
2890,28.90
2891,28.91
2892,28.92
2893,28.93
2894,28.94
2895,28.95
2896,28.96
2897,28.97
2898,28.98
2899,28.99
2900,29.00
2901,29.01
2902,29.02
2903,29.03
2904,29.04
2905,29.05
2906,29.06
2907,29.07
2908,29.08
2909,29.09
2910,29.10
2911,29.11
2912,29.12
2913,29.13
2914,29.14
2915,29.15
2916,29.16
2917,29.17
2918,29.18
2919,29.19
2920,29.20
2921,29.21
2922,29.22
2923,29.23
2924,29.24
2925,29.25
2926,29.26
2927,29.27
2928,29.28
2929,29.29
2930,29.30
2931,29.31
2932,29.32
2933,29.33
2934,29.34
2935,29.35
2936,29.36
2937,29.37
2938,29.38
2939,29.39
2940,29.40
2941,29.41
2942,29.42
2943,29.43
2944,29.44
2945,29.45
2946,29.46
2947,29.47
2948,29.48
2949,29.49
2950,29.50
2951,29.51
2952,29.52
2953,29.53
2954,29.54
2955,29.55
2956,29.56
2957,29.57
2958,29.58
2959,29.59
2960,29.60
2961,29.61
2962,29.62
2963,29.63
2964,29.64
2965,29.65
2966,29.66
2967,29.67
2968,29.68
2969,29.69
2970,29.70
2971,29.71
2972,29.72
2973,29.73
2974,29.74
2975,29.75
2976,29.76
2977,29.77
2978,29.78
2979,29.79
2980,29.80
2981,29.81
2982,29.82
2983,29.83
2984,29.84
2985,29.85
2986,29.86
2987,29.87
2988,29.88
2989,29.89
2990,29.90
2991,29.91
2992,29.92
2993,29.93
2994,29.94
2995,29.95
2996,29.96
2997,29.97
2998,29.98
2999,29.99
3000,30.00
3001,30.01
3002,30.02
3003,30.03
3004,30.04
3005,30.05
3006,30.06
3007,30.07
3008,30.08
3009,30.09
3010,30.10
3011,30.11
3012,30.12
3013,30.13
3014,30.14
3015,30.15
3016,30.16
3017,30.17
3018,30.18
3019,30.19
3020,30.20
3021,30.21
3022,30.22
3023,30.23
3024,30.24
3025,30.25
3026,30.26
3027,30.27
3028,30.28
3029,30.29
3030,30.30
3031,30.31
3032,30.32
3033,30.33
3034,30.34
3035,30.35
3036,30.36
3037,30.37
3038,30.38
3039,30.39
3040,30.40
3041,30.41
3042,30.42
3043,30.43
3044,30.44
3045,30.45
3046,30.46
3047,30.47
3048,30.48
3049,30.49
3050,30.50
3051,30.51
3052,30.52
3053,30.53
3054,30.54
3055,30.55
3056,30.56
3057,30.57
3058,30.58
3059,30.59
3060,30.60
3061,30.61
3062,30.62
3063,30.63
3064,30.64
3065,30.65
3066,30.66
3067,30.67
3068,30.68
3069,30.69
3070,30.70
3071,30.71
3072,30.72
3073,30.73
3074,30.74
3075,30.75
3076,30.76
3077,30.77
3078,30.78
3079,30.79
3080,30.80
3081,30.81
3082,30.82
3083,30.83
3084,30.84
3085,30.85
3086,30.86
3087,30.87
3088,30.88
3089,30.89
3090,30.90
3091,30.91
3092,30.92
3093,30.93
3094,30.94
3095,30.95
3096,30.96
3097,30.97
3098,30.98
3099,30.99
3100,31.00
3101,31.01
3102,31.02
3103,31.03
3104,31.04
3105,31.05
3106,31.06
3107,31.07
3108,31.08
3109,31.09
3110,31.10
3111,31.11
3112,31.12
3113,31.13
3114,31.14
3115,31.15
3116,31.16
3117,31.17
3118,31.18
3119,31.19
3120,31.20
3121,31.21
3122,31.22
3123,31.23
3124,31.24
3125,31.25
3126,31.26
3127,31.27
3128,31.28
3129,31.29
3130,31.30
3131,31.31
3132,31.32
3133,31.33
3134,31.34
3135,31.35
3136,31.36
3137,31.37
3138,31.38
3139,31.39
3140,31.40
3141,31.41
3142,31.42
3143,31.43
3144,31.44
3145,31.45
3146,31.46
3147,31.47
3148,31.48
3149,31.49
3150,31.50
3151,31.51
3152,31.52
3153,31.53
3154,31.54
3155,31.55
3156,31.56
3157,31.57
3158,31.58
3159,31.59
3160,31.60
3161,31.61
3162,31.62
3163,31.63
3164,31.64
3165,31.65
3166,31.66
3167,31.67
3168,31.68
3169,31.69
3170,31.70
3171,31.71
3172,31.72
3173,31.73
3174,31.74
3175,31.75
3176,31.76
3177,31.77
3178,31.78
3179,31.79
3180,31.80
3181,31.81
3182,31.82
3183,31.83
3184,31.84
3185,31.85
3186,31.86
3187,31.87
3188,31.88
3189,31.89
3190,31.90
3191,31.91
3192,31.92
3193,31.93
3194,31.94
3195,31.95
3196,31.96
3197,31.97
3198,31.98
3199,31.99
3200,32.00
3201,32.01
3202,32.02
3203,32.03
3204,32.04
3205,32.05
3206,32.06
3207,32.07
3208,32.08
3209,32.09
3210,32.10
3211,32.11
3212,32.12
3213,32.13
3214,32.14
3215,32.15
3216,32.16
3217,32.17
3218,32.18
3219,32.19
3220,32.20
3221,32.21
3222,32.22
3223,32.23
3224,32.24
3225,32.25
3226,32.26
3227,32.27
3228,32.28
3229,32.29
3230,32.30
3231,32.31
3232,32.32
3233,32.33
3234,32.34
3235,32.35
3236,32.36
3237,32.37
3238,32.38
3239,32.39
3240,32.40
3241,32.41
3242,32.42
3243,32.43
3244,32.44
3245,32.45
3246,32.46
3247,32.47
3248,32.48
3249,32.49
3250,32.50
3251,32.51
3252,32.52
3253,32.53
3254,32.54
3255,32.55
3256,32.56
3257,32.57
3258,32.58
3259,32.59
3260,32.60
3261,32.61
3262,32.62
3263,32.63
3264,32.64
3265,32.65
3266,32.66
3267,32.67
3268,32.68
3269,32.69
3270,32.70
3271,32.71
3272,32.72
3273,32.73
3274,32.74
3275,32.75
3276,32.76
3277,32.77
3278,32.78
3279,32.79
3280,32.80
3281,32.81
3282,32.82
3283,32.83
3284,32.84
3285,32.85
3286,32.86
3287,32.87
3288,32.88
3289,32.89
3290,32.90
3291,32.91
3292,32.92
3293,32.93
3294,32.94
3295,32.95
3296,32.96
3297,32.97
3298,32.98
3299,32.99
3300,33.00
3301,33.01
3302,33.02
3303,33.03
3304,33.04
3305,33.05
3306,33.06
3307,33.07
3308,33.08
3309,33.09
3310,33.10
3311,33.11
3312,33.12
3313,33.13
3314,33.14
3315,33.15
3316,33.16
3317,33.17
3318,33.18
3319,33.19
3320,33.20
3321,33.21
3322,33.22
3323,33.23
3324,33.24
3325,33.25
3326,33.26
3327,33.27
3328,33.28
3329,33.29
3330,33.30
3331,33.31
3332,33.32
3333,33.33
3334,33.34
3335,33.35
3336,33.36
3337,33.37
3338,33.38
3339,33.39
3340,33.40
3341,33.41
3342,33.42
3343,33.43
3344,33.44
3345,33.45
3346,33.46
3347,33.47
3348,33.48
3349,33.49
3350,33.50
3351,33.51
3352,33.52
3353,33.53
3354,33.54
3355,33.55
3356,33.56
3357,33.57
3358,33.58
3359,33.59
3360,33.60
3361,33.61
3362,33.62
3363,33.63
3364,33.64
3365,33.65
3366,33.66
3367,33.67
3368,33.68
3369,33.69
3370,33.70
3371,33.71
3372,33.72
3373,33.73
3374,33.74
3375,33.75
3376,33.76
3377,33.77
3378,33.78
3379,33.79
3380,33.80
3381,33.81
3382,33.82
3383,33.83
3384,33.84
3385,33.85
3386,33.86
3387,33.87
3388,33.88
3389,33.89
3390,33.90
3391,33.91
3392,33.92
3393,33.93
3394,33.94
3395,33.95
3396,33.96
3397,33.97
3398,33.98
3399,33.99
3400,34.00
3401,34.01
3402,34.02
3403,34.03
3404,34.04
3405,34.05
3406,34.06
3407,34.07
3408,34.08
3409,34.09
3410,34.10
3411,34.11
3412,34.12
3413,34.13
3414,34.14
3415,34.15
3416,34.16
3417,34.17
3418,34.18
3419,34.19
3420,34.20
3421,34.21
3422,34.22
3423,34.23
3424,34.24
3425,34.25
3426,34.26
3427,34.27
3428,34.28
3429,34.29
3430,34.30
3431,34.31
3432,34.32
3433,34.33
3434,34.34
3435,34.35
3436,34.36
3437,34.37
3438,34.38
3439,34.39
3440,34.40
3441,34.41
3442,34.42
3443,34.43
3444,34.44
3445,34.45
3446,34.46
3447,34.47
3448,34.48
3449,34.49
3450,34.50
3451,34.51
3452,34.52
3453,34.53
3454,34.54
3455,34.55
3456,34.56
3457,34.57
3458,34.58
3459,34.59
3460,34.60
3461,34.61
3462,34.62
3463,34.63
3464,34.64
3465,34.65
3466,34.66
3467,34.67
3468,34.68
3469,34.69
3470,34.70
3471,34.71
3472,34.72
3473,34.73
3474,34.74
3475,34.75
3476,34.76
3477,34.77
3478,34.78
3479,34.79
3480,34.80
3481,34.81
3482,34.82
3483,34.83
3484,34.84
3485,34.85
3486,34.86
3487,34.87
3488,34.88
3489,34.89
3490,34.90
3491,34.91
3492,34.92
3493,34.93
3494,34.94
3495,34.95
3496,34.96
3497,34.97
3498,34.98
3499,34.99
3500,35.00
3501,35.01
3502,35.02
3503,35.03
3504,35.04
3505,35.05
3506,35.06
3507,35.07
3508,35.08
3509,35.09
3510,35.10
3511,35.11
3512,35.12
3513,35.13
3514,35.14
3515,35.15
3516,35.16
3517,35.17
3518,35.18
3519,35.19
3520,35.20
3521,35.21
3522,35.22
3523,35.23
3524,35.24
3525,35.25
3526,35.26
3527,35.27
3528,35.28
3529,35.29
3530,35.30
3531,35.31
3532,35.32
3533,35.33
3534,35.34
3535,35.35
3536,35.36
3537,35.37
3538,35.38
3539,35.39
3540,35.40
3541,35.41
3542,35.42
3543,35.43
3544,35.44
3545,35.45
3546,35.46
3547,35.47
3548,35.48
3549,35.49
3550,35.50
3551,35.51
3552,35.52
3553,35.53
3554,35.54
3555,35.55
3556,35.56
3557,35.57
3558,35.58
3559,35.59
3560,35.60
3561,35.61
3562,35.62
3563,35.63
3564,35.64
3565,35.65
3566,35.66
3567,35.67
3568,35.68
3569,35.69
3570,35.70
3571,35.71
3572,35.72
3573,35.73
3574,35.74
3575,35.75
3576,35.76
3577,35.77
3578,35.78
3579,35.79
3580,35.80
3581,35.81
3582,35.82
3583,35.83
3584,35.84
3585,35.85
3586,35.86
3587,35.87
3588,35.88
3589,35.89
3590,35.90
3591,35.91
3592,35.92
3593,35.93
3594,35.94
3595,35.95
3596,35.96
3597,35.97
3598,35.98
3599,35.99
3600,36.00
3601,36.01
3602,36.02
3603,36.03
3604,36.04
3605,36.05
3606,36.06
3607,36.07
3608,36.08
3609,36.09
3610,36.10
3611,36.11
3612,36.12
3613,36.13
3614,36.14
3615,36.15
3616,36.16
3617,36.17
3618,36.18
3619,36.19
3620,36.20
3621,36.21
3622,36.22
3623,36.23
3624,36.24
3625,36.25
3626,36.26
3627,36.27
3628,36.28
3629,36.29
3630,36.30
3631,36.31
3632,36.32
3633,36.33
3634,36.34
3635,36.35
3636,36.36
3637,36.37
3638,36.38
3639,36.39
3640,36.40
3641,36.41
3642,36.42
3643,36.43
3644,36.44
3645,36.45
3646,36.46
3647,36.47
3648,36.48
3649,36.49
3650,36.50
3651,36.51
3652,36.52
3653,36.53
3654,36.54
3655,36.55
3656,36.56
3657,36.57
3658,36.58
3659,36.59
3660,36.60
3661,36.61
3662,36.62
3663,36.63
3664,36.64
3665,36.65
3666,36.66
3667,36.67
3668,36.68
3669,36.69
3670,36.70
3671,36.71
3672,36.72
3673,36.73
3674,36.74
3675,36.75
3676,36.76
3677,36.77
3678,36.78
3679,36.79
3680,36.80
3681,36.81
3682,36.82
3683,36.83
3684,36.84
3685,36.85
3686,36.86
3687,36.87
3688,36.88
3689,36.89
3690,36.90
3691,36.91
3692,36.92
3693,36.93
3694,36.94
3695,36.95
3696,36.96
3697,36.97
3698,36.98
3699,36.99
3700,37.00
3701,37.01
3702,37.02
3703,37.03
3704,37.04
3705,37.05
3706,37.06
3707,37.07
3708,37.08
3709,37.09
3710,37.10
3711,37.11
3712,37.12
3713,37.13
3714,37.14
3715,37.15
3716,37.16
3717,37.17
3718,37.18
3719,37.19
3720,37.20
3721,37.21
3722,37.22
3723,37.23
3724,37.24
3725,37.25
3726,37.26
3727,37.27
3728,37.28
3729,37.29
3730,37.30
3731,37.31
3732,37.32
3733,37.33
3734,37.34
3735,37.35
3736,37.36
3737,37.37
3738,37.38
3739,37.39
3740,37.40
3741,37.41
3742,37.42
3743,37.43
3744,37.44
3745,37.45
3746,37.46
3747,37.47
3748,37.48
3749,37.49
3750,37.50
3751,37.51
3752,37.52
3753,37.53
3754,37.54
3755,37.55
3756,37.56
3757,37.57
3758,37.58
3759,37.59
3760,37.60
3761,37.61
3762,37.62
3763,37.63
3764,37.64
3765,37.65
3766,37.66
3767,37.67
3768,37.68
3769,37.69
3770,37.70
3771,37.71
3772,37.72
3773,37.73
3774,37.74
3775,37.75
3776,37.76
3777,37.77
3778,37.78
3779,37.79
3780,37.80
3781,37.81
3782,37.82
3783,37.83
3784,37.84
3785,37.85
3786,37.86
3787,37.87
3788,37.88
3789,37.89
3790,37.90
3791,37.91
3792,37.92
3793,37.93
3794,37.94
3795,37.95
3796,37.96
3797,37.97
3798,37.98
3799,37.99
3800,38.00
3801,38.01
3802,38.02
3803,38.03
3804,38.04
3805,38.05
3806,38.06
3807,38.07
3808,38.08
3809,38.09
3810,38.10
3811,38.11
3812,38.12
3813,38.13
3814,38.14
3815,38.15
3816,38.16
3817,38.17
3818,38.18
3819,38.19
3820,38.20
3821,38.21
3822,38.22
3823,38.23
3824,38.24
3825,38.25
3826,38.26
3827,38.27
3828,38.28
3829,38.29
3830,38.30
3831,38.31
3832,38.32
3833,38.33
3834,38.34
3835,38.35
3836,38.36
3837,38.37
3838,38.38
3839,38.39
3840,38.40
3841,38.41
3842,38.42
3843,38.43
3844,38.44
3845,38.45
3846,38.46
3847,38.47
3848,38.48
3849,38.49
3850,38.50
3851,38.51
3852,38.52
3853,38.53
3854,38.54
3855,38.55
3856,38.56
3857,38.57
3858,38.58
3859,38.59
3860,38.60
3861,38.61
3862,38.62
3863,38.63
3864,38.64
3865,38.65
3866,38.66
3867,38.67
3868,38.68
3869,38.69
3870,38.70
3871,38.71
3872,38.72
3873,38.73
3874,38.74
3875,38.75
3876,38.76
3877,38.77
3878,38.78
3879,38.79
3880,38.80
3881,38.81
3882,38.82
3883,38.83
3884,38.84
3885,38.85
3886,38.86
3887,38.87
3888,38.88
3889,38.89
3890,38.90
3891,38.91
3892,38.92
3893,38.93
3894,38.94
3895,38.95
3896,38.96
3897,38.97
3898,38.98
3899,38.99
3900,39.00
3901,39.01
3902,39.02
3903,39.03
3904,39.04
3905,39.05
3906,39.06
3907,39.07
3908,39.08
3909,39.09
3910,39.10
3911,39.11
3912,39.12
3913,39.13
3914,39.14
3915,39.15
3916,39.16
3917,39.17
3918,39.18
3919,39.19
3920,39.20
3921,39.21
3922,39.22
3923,39.23
3924,39.24
3925,39.25
3926,39.26
3927,39.27
3928,39.28
3929,39.29
3930,39.30
3931,39.31
3932,39.32
3933,39.33
3934,39.34
3935,39.35
3936,39.36
3937,39.37
3938,39.38
3939,39.39
3940,39.40
3941,39.41
3942,39.42
3943,39.43
3944,39.44
3945,39.45
3946,39.46
3947,39.47
3948,39.48
3949,39.49
3950,39.50
3951,39.51
3952,39.52
3953,39.53
3954,39.54
3955,39.55
3956,39.56
3957,39.57
3958,39.58
3959,39.59
3960,39.60
3961,39.61
3962,39.62
3963,39.63
3964,39.64
3965,39.65
3966,39.66
3967,39.67
3968,39.68
3969,39.69
3970,39.70
3971,39.71
3972,39.72
3973,39.73
3974,39.74
3975,39.75
3976,39.76
3977,39.77
3978,39.78
3979,39.79
3980,39.80
3981,39.81
3982,39.82
3983,39.83
3984,39.84
3985,39.85
3986,39.86
3987,39.87
3988,39.88
3989,39.89
3990,39.90
3991,39.91
3992,39.92
3993,39.93
3994,39.94
3995,39.95
3996,39.96
3997,39.97
3998,39.98
3999,39.99
4000,40.00
4001,40.01
4002,40.02
4003,40.03
4004,40.04
4005,40.05
4006,40.06
4007,40.07
4008,40.08
4009,40.09
4010,40.10
4011,40.11
4012,40.12
4013,40.13
4014,40.14
4015,40.15
4016,40.16
4017,40.17
4018,40.18
4019,40.19
4020,40.20
4021,40.21
4022,40.22
4023,40.23
4024,40.24
4025,40.25
4026,40.26
4027,40.27
4028,40.28
4029,40.29
4030,40.30
4031,40.31
4032,40.32
4033,40.33
4034,40.34
4035,40.35
4036,40.36
4037,40.37
4038,40.38
4039,40.39
4040,40.40
4041,40.41
4042,40.42
4043,40.43
4044,40.44
4045,40.45
4046,40.46
4047,40.47
4048,40.48
4049,40.49
4050,40.50
4051,40.51
4052,40.52
4053,40.53
4054,40.54
4055,40.55
4056,40.56
4057,40.57
4058,40.58
4059,40.59
4060,40.60
4061,40.61
4062,40.62
4063,40.63
4064,40.64
4065,40.65
4066,40.66
4067,40.67
4068,40.68
4069,40.69
4070,40.70
4071,40.71
4072,40.72
4073,40.73
4074,40.74
4075,40.75
4076,40.76
4077,40.77
4078,40.78
4079,40.79
4080,40.80
4081,40.81
4082,40.82
4083,40.83
4084,40.84
4085,40.85
4086,40.86
4087,40.87
4088,40.88
4089,40.89
4090,40.90
4091,40.91
4092,40.92
4093,40.93
4094,40.94
4095,40.95
4096,40.96
4097,40.97
4098,40.98
4099,40.99
4100,41.00
4101,41.01
4102,41.02
4103,41.03
4104,41.04
4105,41.05
4106,41.06
4107,41.07
4108,41.08
4109,41.09
4110,41.10
4111,41.11
4112,41.12
4113,41.13
4114,41.14
4115,41.15
4116,41.16
4117,41.17
4118,41.18
4119,41.19
4120,41.20
4121,41.21
4122,41.22
4123,41.23
4124,41.24
4125,41.25
4126,41.26
4127,41.27
4128,41.28
4129,41.29
4130,41.30
4131,41.31
4132,41.32
4133,41.33
4134,41.34
4135,41.35
4136,41.36
4137,41.37
4138,41.38
4139,41.39
4140,41.40
4141,41.41
4142,41.42
4143,41.43
4144,41.44
4145,41.45
4146,41.46
4147,41.47
4148,41.48
4149,41.49
4150,41.50
4151,41.51
4152,41.52
4153,41.53
4154,41.54
4155,41.55
4156,41.56
4157,41.57
4158,41.58
4159,41.59
4160,41.60
4161,41.61
4162,41.62
4163,41.63
4164,41.64
4165,41.65
4166,41.66
4167,41.67
4168,41.68
4169,41.69
4170,41.70
4171,41.71
4172,41.72
4173,41.73
4174,41.74
4175,41.75
4176,41.76
4177,41.77
4178,41.78
4179,41.79
4180,41.80
4181,41.81
4182,41.82
4183,41.83
4184,41.84
4185,41.85
4186,41.86
4187,41.87
4188,41.88
4189,41.89
4190,41.90
4191,41.91
4192,41.92
4193,41.93
4194,41.94
4195,41.95
4196,41.96
4197,41.97
4198,41.98
4199,41.99
4200,42.00
4201,42.01
4202,42.02
4203,42.03
4204,42.04
4205,42.05
4206,42.06
4207,42.07
4208,42.08
4209,42.09
4210,42.10
4211,42.11
4212,42.12
4213,42.13
4214,42.14
4215,42.15
4216,42.16
4217,42.17
4218,42.18
4219,42.19
4220,42.20
4221,42.21
4222,42.22
4223,42.23
4224,42.24
4225,42.25
4226,42.26
4227,42.27
4228,42.28
4229,42.29
4230,42.30
4231,42.31
4232,42.32
4233,42.33
4234,42.34
4235,42.35
4236,42.36
4237,42.37
4238,42.38
4239,42.39
4240,42.40
4241,42.41
4242,42.42
4243,42.43
4244,42.44
4245,42.45
4246,42.46
4247,42.47
4248,42.48
4249,42.49
4250,42.50
4251,42.51
4252,42.52
4253,42.53
4254,42.54
4255,42.55
4256,42.56
4257,42.57
4258,42.58
4259,42.59
4260,42.60
4261,42.61
4262,42.62
4263,42.63
4264,42.64
4265,42.65
4266,42.66
4267,42.67
4268,42.68
4269,42.69
4270,42.70
4271,42.71
4272,42.72
4273,42.73
4274,42.74
4275,42.75
4276,42.76
4277,42.77
4278,42.78
4279,42.79
4280,42.80
4281,42.81
4282,42.82
4283,42.83
4284,42.84
4285,42.85
4286,42.86
4287,42.87
4288,42.88
4289,42.89
4290,42.90
4291,42.91
4292,42.92
4293,42.93
4294,42.94
4295,42.95
4296,42.96
4297,42.97
4298,42.98
4299,42.99
4300,43.00
4301,43.01
4302,43.02
4303,43.03
4304,43.04
4305,43.05
4306,43.06
4307,43.07
4308,43.08
4309,43.09
4310,43.10
4311,43.11
4312,43.12
4313,43.13
4314,43.14
4315,43.15
4316,43.16
4317,43.17
4318,43.18
4319,43.19
4320,43.20
4321,43.21
4322,43.22
4323,43.23
4324,43.24
4325,43.25
4326,43.26
4327,43.27
4328,43.28
4329,43.29
4330,43.30
4331,43.31
4332,43.32
4333,43.33
4334,43.34
4335,43.35
4336,43.36
4337,43.37
4338,43.38
4339,43.39
4340,43.40
4341,43.41
4342,43.42
4343,43.43
4344,43.44
4345,43.45
4346,43.46
4347,43.47
4348,43.48
4349,43.49
4350,43.50
4351,43.51
4352,43.52
4353,43.53
4354,43.54
4355,43.55
4356,43.56
4357,43.57
4358,43.58
4359,43.59
4360,43.60
4361,43.61
4362,43.62
4363,43.63
4364,43.64
4365,43.65
4366,43.66
4367,43.67
4368,43.68
4369,43.69
4370,43.70
4371,43.71
4372,43.72
4373,43.73
4374,43.74
4375,43.75
4376,43.76
4377,43.77
4378,43.78
4379,43.79
4380,43.80
4381,43.81
4382,43.82
4383,43.83
4384,43.84
4385,43.85
4386,43.86
4387,43.87
4388,43.88
4389,43.89
4390,43.90
4391,43.91
4392,43.92
4393,43.93
4394,43.94
4395,43.95
4396,43.96
4397,43.97
4398,43.98
4399,43.99
4400,44.00
4401,44.01
4402,44.02
4403,44.03
4404,44.04
4405,44.05
4406,44.06
4407,44.07
4408,44.08
4409,44.09
4410,44.10
4411,44.11
4412,44.12
4413,44.13
4414,44.14
4415,44.15
4416,44.16
4417,44.17
4418,44.18
4419,44.19
4420,44.20
4421,44.21
4422,44.22
4423,44.23
4424,44.24
4425,44.25
4426,44.26
4427,44.27
4428,44.28
4429,44.29
4430,44.30
4431,44.31
4432,44.32
4433,44.33
4434,44.34
4435,44.35
4436,44.36
4437,44.37
4438,44.38
4439,44.39
4440,44.40
4441,44.41
4442,44.42
4443,44.43
4444,44.44
4445,44.45
4446,44.46
4447,44.47
4448,44.48
4449,44.49
4450,44.50
4451,44.51
4452,44.52
4453,44.53
4454,44.54
4455,44.55
4456,44.56
4457,44.57
4458,44.58
4459,44.59
4460,44.60
4461,44.61
4462,44.62
4463,44.63
4464,44.64
4465,44.65
4466,44.66
4467,44.67
4468,44.68
4469,44.69
4470,44.70
4471,44.71
4472,44.72
4473,44.73
4474,44.74
4475,44.75
4476,44.76
4477,44.77
4478,44.78
4479,44.79
4480,44.80
4481,44.81
4482,44.82
4483,44.83
4484,44.84
4485,44.85
4486,44.86
4487,44.87
4488,44.88
4489,44.89
4490,44.90
4491,44.91
4492,44.92
4493,44.93
4494,44.94
4495,44.95
4496,44.96
4497,44.97
4498,44.98
4499,44.99
4500,45.00
4501,45.01
4502,45.02
4503,45.03
4504,45.04
4505,45.05
4506,45.06
4507,45.07
4508,45.08
4509,45.09
4510,45.10
4511,45.11
4512,45.12
4513,45.13
4514,45.14
4515,45.15
4516,45.16
4517,45.17
4518,45.18
4519,45.19
4520,45.20
4521,45.21
4522,45.22
4523,45.23
4524,45.24
4525,45.25
4526,45.26
4527,45.27
4528,45.28
4529,45.29
4530,45.30
4531,45.31
4532,45.32
4533,45.33
4534,45.34
4535,45.35
4536,45.36
4537,45.37
4538,45.38
4539,45.39
4540,45.40
4541,45.41
4542,45.42
4543,45.43
4544,45.44
4545,45.45
4546,45.46
4547,45.47
4548,45.48
4549,45.49
4550,45.50
4551,45.51
4552,45.52
4553,45.53
4554,45.54
4555,45.55
4556,45.56
4557,45.57
4558,45.58
4559,45.59
4560,45.60
4561,45.61
4562,45.62
4563,45.63
4564,45.64
4565,45.65
4566,45.66
4567,45.67
4568,45.68
4569,45.69
4570,45.70
4571,45.71
4572,45.72
4573,45.73
4574,45.74
4575,45.75
4576,45.76
4577,45.77
4578,45.78
4579,45.79
4580,45.80
4581,45.81
4582,45.82
4583,45.83
4584,45.84
4585,45.85
4586,45.86
4587,45.87
4588,45.88
4589,45.89
4590,45.90
4591,45.91
4592,45.92
4593,45.93
4594,45.94
4595,45.95
4596,45.96
4597,45.97
4598,45.98
4599,45.99
4600,46.00
4601,46.01
4602,46.02
4603,46.03
4604,46.04
4605,46.05
4606,46.06
4607,46.07
4608,46.08
4609,46.09
4610,46.10
4611,46.11
4612,46.12
4613,46.13
4614,46.14
4615,46.15
4616,46.16
4617,46.17
4618,46.18
4619,46.19
4620,46.20
4621,46.21
4622,46.22
4623,46.23
4624,46.24
4625,46.25
4626,46.26
4627,46.27
4628,46.28
4629,46.29
4630,46.30
4631,46.31
4632,46.32
4633,46.33
4634,46.34
4635,46.35
4636,46.36
4637,46.37
4638,46.38
4639,46.39
4640,46.40
4641,46.41
4642,46.42
4643,46.43
4644,46.44
4645,46.45
4646,46.46
4647,46.47
4648,46.48
4649,46.49
4650,46.50
4651,46.51
4652,46.52
4653,46.53
4654,46.54
4655,46.55
4656,46.56
4657,46.57
4658,46.58
4659,46.59
4660,46.60
4661,46.61
4662,46.62
4663,46.63
4664,46.64
4665,46.65
4666,46.66
4667,46.67
4668,46.68
4669,46.69
4670,46.70
4671,46.71
4672,46.72
4673,46.73
4674,46.74
4675,46.75
4676,46.76
4677,46.77
4678,46.78
4679,46.79
4680,46.80
4681,46.81
4682,46.82
4683,46.83
4684,46.84
4685,46.85
4686,46.86
4687,46.87
4688,46.88
4689,46.89
4690,46.90
4691,46.91
4692,46.92
4693,46.93
4694,46.94
4695,46.95
4696,46.96
4697,46.97
4698,46.98
4699,46.99
4700,47.00
4701,47.01
4702,47.02
4703,47.03
4704,47.04
4705,47.05
4706,47.06
4707,47.07
4708,47.08
4709,47.09
4710,47.10
4711,47.11
4712,47.12
4713,47.13
4714,47.14
4715,47.15
4716,47.16
4717,47.17
4718,47.18
4719,47.19
4720,47.20
4721,47.21
4722,47.22
4723,47.23
4724,47.24
4725,47.25
4726,47.26
4727,47.27
4728,47.28
4729,47.29
4730,47.30
4731,47.31
4732,47.32
4733,47.33
4734,47.34
4735,47.35
4736,47.36
4737,47.37
4738,47.38
4739,47.39
4740,47.40
4741,47.41
4742,47.42
4743,47.43
4744,47.44
4745,47.45
4746,47.46
4747,47.47
4748,47.48
4749,47.49
4750,47.50
4751,47.51
4752,47.52
4753,47.53
4754,47.54
4755,47.55
4756,47.56
4757,47.57
4758,47.58
4759,47.59
4760,47.60
4761,47.61
4762,47.62
4763,47.63
4764,47.64
4765,47.65
4766,47.66
4767,47.67
4768,47.68
4769,47.69
4770,47.70
4771,47.71
4772,47.72
4773,47.73
4774,47.74
4775,47.75
4776,47.76
4777,47.77
4778,47.78
4779,47.79
4780,47.80
4781,47.81
4782,47.82
4783,47.83
4784,47.84
4785,47.85
4786,47.86
4787,47.87
4788,47.88
4789,47.89
4790,47.90
4791,47.91
4792,47.92
4793,47.93
4794,47.94
4795,47.95
4796,47.96
4797,47.97
4798,47.98
4799,47.99
4800,48.00
4801,48.01
4802,48.02
4803,48.03
4804,48.04
4805,48.05
4806,48.06
4807,48.07
4808,48.08
4809,48.09
4810,48.10
4811,48.11
4812,48.12
4813,48.13
4814,48.14
4815,48.15
4816,48.16
4817,48.17
4818,48.18
4819,48.19
4820,48.20
4821,48.21
4822,48.22
4823,48.23
4824,48.24
4825,48.25
4826,48.26
4827,48.27
4828,48.28
4829,48.29
4830,48.30
4831,48.31
4832,48.32
4833,48.33
4834,48.34
4835,48.35
4836,48.36
4837,48.37
4838,48.38
4839,48.39
4840,48.40
4841,48.41
4842,48.42
4843,48.43
4844,48.44
4845,48.45
4846,48.46
4847,48.47
4848,48.48
4849,48.49
4850,48.50
4851,48.51
4852,48.52
4853,48.53
4854,48.54
4855,48.55
4856,48.56
4857,48.57
4858,48.58
4859,48.59
4860,48.60
4861,48.61
4862,48.62
4863,48.63
4864,48.64
4865,48.65
4866,48.66
4867,48.67
4868,48.68
4869,48.69
4870,48.70
4871,48.71
4872,48.72
4873,48.73
4874,48.74
4875,48.75
4876,48.76
4877,48.77
4878,48.78
4879,48.79
4880,48.80
4881,48.81
4882,48.82
4883,48.83
4884,48.84
4885,48.85
4886,48.86
4887,48.87
4888,48.88
4889,48.89
4890,48.90
4891,48.91
4892,48.92
4893,48.93
4894,48.94
4895,48.95
4896,48.96
4897,48.97
4898,48.98
4899,48.99
4900,49.00
4901,49.01
4902,49.02
4903,49.03
4904,49.04
4905,49.05
4906,49.06
4907,49.07
4908,49.08
4909,49.09
4910,49.10
4911,49.11
4912,49.12
4913,49.13
4914,49.14
4915,49.15
4916,49.16
4917,49.17
4918,49.18
4919,49.19
4920,49.20
4921,49.21
4922,49.22
4923,49.23
4924,49.24
4925,49.25
4926,49.26
4927,49.27
4928,49.28
4929,49.29
4930,49.30
4931,49.31
4932,49.32
4933,49.33
4934,49.34
4935,49.35
4936,49.36
4937,49.37
4938,49.38
4939,49.39
4940,49.40
4941,49.41
4942,49.42
4943,49.43
4944,49.44
4945,49.45
4946,49.46
4947,49.47
4948,49.48
4949,49.49
4950,49.50
4951,49.51
4952,49.52
4953,49.53
4954,49.54
4955,49.55
4956,49.56
4957,49.57
4958,49.58
4959,49.59
4960,49.60
4961,49.61
4962,49.62
4963,49.63
4964,49.64
4965,49.65
4966,49.66
4967,49.67
4968,49.68
4969,49.69
4970,49.70
4971,49.71
4972,49.72
4973,49.73
4974,49.74
4975,49.75
4976,49.76
4977,49.77
4978,49.78
4979,49.79
4980,49.80
4981,49.81
4982,49.82
4983,49.83
4984,49.84
4985,49.85
4986,49.86
4987,49.87
4988,49.88
4989,49.89
4990,49.90
4991,49.91
4992,49.92
4993,49.93
4994,49.94
4995,49.95
4996,49.96
4997,49.97
4998,49.98
4999,49.99
5000,50.00
